customer_id,order_date,revenue
CUST-0001,2023-06-13,486.36
CUST-0001,2023-04-11,209.7
CUST-0001,2023-07-31,182.73
CUST-0001,2023-07-25,289.24
CUST-0001,2023-11-14,349.96
CUST-0001,2023-11-15,483.89
CUST-0001,2024-06-02,593.82
CUST-0001,2024-05-26,160.57
CUST-0001,2024-06-15,383.02
CUST-0002,2023-03-13,392.37
CUST-0002,2023-05-10,318.25
CUST-0002,2023-05-16,178.61
CUST-0002,2023-06-28,147.75
CUST-0002,2023-09-25,152.34
CUST-0002,2023-12-04,42.09
CUST-0002,2023-11-02,504.83
CUST-0002,2023-11-29,189.86
CUST-0003,2023-03-06,527.95
CUST-0003,2023-06-01,374.98
CUST-0003,2023-05-03,73.18
CUST-0003,2023-08-04,220.9
CUST-0003,2023-07-21,497.15
CUST-0003,2023-11-05,588.1
CUST-0003,2024-02-04,378.83
CUST-0003,2024-02-22,397.28
CUST-0003,2024-05-31,124.44
CUST-0003,2024-05-20,174.16
CUST-0004,2023-01-01,208.24
CUST-0004,2023-03-01,529.48
CUST-0004,2023-05-29,113.7
CUST-0004,2023-09-14,569.17
CUST-0004,2023-08-24,359.04
CUST-0004,2023-09-19,121.46
CUST-0005,2023-03-20,399.28
CUST-0005,2023-02-21,250.72
CUST-0005,2023-06-27,174.11
CUST-0005,2023-05-07,61.31
CUST-0005,2023-09-16,301.93
CUST-0005,2023-09-06,220.41
CUST-0005,2023-08-18,460.74
CUST-0006,2023-03-28,408.35
CUST-0006,2023-03-06,333.29
CUST-0006,2023-05-09,232.76
CUST-0006,2023-06-17,370.56
CUST-0006,2023-08-30,239.03
CUST-0006,2024-02-16,468.54
CUST-0006,2024-03-11,124.59
CUST-0006,2024-03-21,562.71
CUST-0007,2023-02-07,496.54
CUST-0007,2023-03-28,391.94
CUST-0007,2023-01-02,484.09
CUST-0007,2023-05-16,446.48
CUST-0007,2023-04-21,151.17
CUST-0007,2023-04-21,243.35
CUST-0007,2023-07-16,233.79
CUST-0008,2023-02-15,331.85
CUST-0008,2023-06-19,455.95
CUST-0008,2023-05-22,278.92
CUST-0008,2023-05-22,531.79
CUST-0008,2023-08-06,556.75
CUST-0008,2023-07-09,280.8
CUST-0008,2024-01-15,572.53
CUST-0009,2023-01-12,584.07
CUST-0009,2023-02-26,226.3
CUST-0009,2023-05-06,153.63
CUST-0009,2023-04-16,159.23
CUST-0009,2023-07-27,510.49
CUST-0010,2023-02-10,211.73
CUST-0010,2023-02-28,578.36
CUST-0010,2023-03-09,391.74
CUST-0010,2023-05-07,142.98
CUST-0010,2023-05-27,74.64
CUST-0010,2023-08-06,467.86
CUST-0010,2023-09-01,448.79
CUST-0010,2023-09-11,103.39
CUST-0011,2023-01-02,181.55
CUST-0011,2023-03-04,145.0
CUST-0011,2023-09-25,61.83
CUST-0011,2024-01-28,132.97
CUST-0011,2024-02-22,419.61
CUST-0011,2024-04-02,213.92
CUST-0012,2023-01-04,488.93
CUST-0012,2023-02-11,518.25
CUST-0012,2023-04-02,229.65
CUST-0012,2023-04-05,218.08
CUST-0012,2023-04-14,390.9
CUST-0012,2023-07-12,215.68
CUST-0012,2023-11-28,486.39
CUST-0012,2023-12-16,112.32
CUST-0012,2023-12-13,534.27
CUST-0012,2024-02-14,361.24
CUST-0012,2024-01-18,397.7
CUST-0012,2024-01-24,93.9
CUST-0012,2024-05-11,393.89
CUST-0012,2024-05-29,501.38
CUST-0013,2023-02-27,160.22
CUST-0013,2023-01-15,569.09
CUST-0013,2023-06-19,181.55
CUST-0013,2023-05-04,295.65
CUST-0013,2024-02-28,96.62
CUST-0013,2024-02-22,114.88
CUST-0013,2024-02-03,410.97
CUST-0013,2024-06-13,251.04
CUST-0013,2024-04-28,342.13
CUST-0013,2024-05-04,160.43
CUST-0014,2023-03-08,364.27
CUST-0014,2023-03-19,83.43
CUST-0014,2023-04-18,113.4
CUST-0014,2023-08-14,113.18
CUST-0014,2023-07-12,85.51
CUST-0014,2023-09-04,190.78
CUST-0015,2023-01-02,535.0
CUST-0015,2023-02-08,250.21
CUST-0015,2023-01-28,94.21
CUST-0015,2023-05-29,474.83
CUST-0015,2023-06-04,502.43
CUST-0015,2023-06-15,247.61
CUST-0015,2023-09-03,330.51
CUST-0015,2023-07-06,464.18
CUST-0015,2023-09-11,189.09
CUST-0016,2023-01-12,598.19
CUST-0016,2023-08-26,512.09
CUST-0016,2023-09-22,475.18
CUST-0016,2023-08-23,399.09
CUST-0016,2023-10-18,465.32
CUST-0016,2023-10-17,464.31
CUST-0016,2024-03-05,289.09
CUST-0016,2024-05-04,275.07
CUST-0017,2023-02-18,444.12
CUST-0017,2023-03-10,505.16
CUST-0017,2023-02-03,554.9
CUST-0017,2023-05-05,117.18
CUST-0017,2023-04-03,596.05
CUST-0017,2023-07-12,439.1
CUST-0017,2023-07-14,502.18
CUST-0017,2023-08-03,109.09
CUST-0018,2023-02-17,289.91
CUST-0018,2023-02-21,460.22
CUST-0018,2023-03-18,552.08
CUST-0018,2023-06-06,470.7
CUST-0018,2023-07-14,305.11
CUST-0019,2023-01-23,71.79
CUST-0019,2023-06-23,537.67
CUST-0019,2023-06-28,553.14
CUST-0019,2023-07-22,260.7
CUST-0019,2023-09-05,109.95
CUST-0020,2023-02-20,311.18
CUST-0020,2023-06-23,415.12
CUST-0020,2023-04-17,188.88
CUST-0020,2023-04-24,198.45
CUST-0020,2023-09-12,391.98
CUST-0020,2023-08-15,340.28
CUST-0021,2023-01-13,103.39
CUST-0021,2023-06-27,567.29
CUST-0021,2023-04-22,583.15
CUST-0021,2023-09-12,323.63
CUST-0022,2023-01-31,77.18
CUST-0022,2023-05-16,300.44
CUST-0022,2023-04-22,533.28
CUST-0022,2023-09-06,504.23
CUST-0022,2024-03-08,436.32
CUST-0022,2024-01-27,421.63
CUST-0022,2024-03-16,451.98
CUST-0023,2023-03-23,374.12
CUST-0023,2023-03-28,564.52
CUST-0023,2023-05-23,328.1
CUST-0023,2023-07-25,580.64
CUST-0024,2023-01-20,272.45
CUST-0024,2023-04-01,507.63
CUST-0024,2023-06-01,227.64
CUST-0024,2023-08-29,157.06
CUST-0024,2023-07-04,470.74
CUST-0024,2023-10-12,447.59
CUST-0024,2023-10-06,48.64
CUST-0024,2024-03-26,302.46
CUST-0024,2024-02-12,443.45
CUST-0025,2023-03-23,393.4
CUST-0025,2023-02-10,348.42
CUST-0025,2023-04-07,372.21
CUST-0025,2023-04-29,149.51
CUST-0025,2023-04-20,532.07
CUST-0025,2023-07-18,294.4
CUST-0025,2023-09-13,436.1
CUST-0025,2023-10-10,491.95
CUST-0025,2023-11-19,300.86
CUST-0025,2023-12-13,498.59
CUST-0025,2024-05-03,399.42
CUST-0025,2024-05-31,267.43
CUST-0026,2023-01-31,503.02
CUST-0026,2023-05-04,513.05
CUST-0026,2023-04-08,290.48
CUST-0026,2023-06-09,439.22
CUST-0026,2023-07-04,258.29
CUST-0026,2023-09-15,364.54
CUST-0026,2023-09-15,352.38
CUST-0026,2023-11-29,419.5
CUST-0026,2023-10-23,275.55
CUST-0026,2023-11-21,142.75
CUST-0026,2024-01-27,204.04
CUST-0026,2024-01-23,599.47
CUST-0026,2024-05-16,290.53
CUST-0026,2024-05-02,248.11
CUST-0027,2023-08-31,81.04
CUST-0027,2023-07-20,215.26
CUST-0027,2023-09-16,316.94
CUST-0027,2023-10-18,275.34
CUST-0027,2024-06-13,503.44
CUST-0028,2023-02-18,152.75
CUST-0028,2023-02-17,435.66
CUST-0028,2023-06-11,71.76
CUST-0028,2023-07-17,497.76
CUST-0028,2023-09-04,289.31
CUST-0028,2023-07-22,422.43
CUST-0029,2023-03-21,306.86
CUST-0029,2023-04-17,393.37
CUST-0029,2023-07-15,578.75
CUST-0029,2023-07-19,201.92
CUST-0030,2023-03-10,437.36
CUST-0030,2023-03-13,116.68
CUST-0030,2023-01-18,220.0
CUST-0030,2023-06-08,313.32
CUST-0030,2023-06-08,407.57
CUST-0030,2023-06-22,387.71
CUST-0030,2023-09-07,460.14
CUST-0030,2023-07-05,183.92
CUST-0030,2023-07-31,285.07
CUST-0030,2024-02-13,119.36
CUST-0031,2023-01-16,198.67
CUST-0031,2023-03-19,54.44
CUST-0031,2023-04-02,132.43
CUST-0031,2023-04-17,305.63
CUST-0031,2023-06-15,296.58
CUST-0031,2023-07-15,191.0
CUST-0032,2023-02-24,540.35
CUST-0032,2023-05-23,67.69
CUST-0032,2023-05-30,411.45
CUST-0032,2023-06-27,472.44
CUST-0032,2023-09-23,573.88
CUST-0032,2023-07-20,536.27
CUST-0032,2023-10-11,216.51
CUST-0032,2024-01-03,505.33
CUST-0032,2024-06-21,594.29
CUST-0032,2024-05-04,412.95
CUST-0032,2024-05-25,419.91
CUST-0033,2023-06-01,275.79
CUST-0033,2023-09-14,463.09
CUST-0033,2023-07-09,83.4
CUST-0033,2023-07-30,114.04
CUST-0033,2023-10-17,210.19
CUST-0033,2023-12-26,559.68
CUST-0033,2024-01-02,543.21
CUST-0033,2024-01-25,421.06
CUST-0033,2024-06-15,265.82
CUST-0033,2024-05-02,480.7
CUST-0034,2023-03-12,189.85
CUST-0034,2023-06-07,190.38
CUST-0034,2023-09-02,112.55
CUST-0034,2023-09-01,496.42
CUST-0034,2023-08-15,328.98
CUST-0035,2023-01-18,468.23
CUST-0035,2023-06-13,215.17
CUST-0035,2023-08-21,294.64
CUST-0035,2023-08-25,522.92
CUST-0036,2023-02-03,445.96
CUST-0036,2023-06-02,256.99
CUST-0036,2023-07-03,579.23
CUST-0037,2023-01-26,211.08
CUST-0037,2023-02-15,162.92
CUST-0037,2023-05-24,136.86
CUST-0037,2023-09-01,300.84
CUST-0037,2023-11-10,453.71
CUST-0037,2024-06-19,192.87
CUST-0038,2023-01-31,373.1
CUST-0038,2023-01-06,524.57
CUST-0038,2023-03-26,43.2
CUST-0038,2023-05-14,246.64
CUST-0038,2023-05-17,465.62
CUST-0038,2023-06-07,188.36
CUST-0038,2023-07-26,302.95
CUST-0038,2024-03-28,582.39
CUST-0038,2024-02-10,219.14
CUST-0038,2024-02-05,259.63
CUST-0038,2024-04-02,85.86
CUST-0039,2023-06-08,489.56
CUST-0039,2023-09-25,150.96
CUST-0039,2023-08-18,366.33
CUST-0039,2023-11-13,132.92
CUST-0039,2023-11-17,497.5
CUST-0039,2023-11-25,115.65
CUST-0039,2024-02-18,450.86
CUST-0039,2024-01-29,191.23
CUST-0039,2024-02-05,248.48
CUST-0039,2024-05-19,424.53
CUST-0039,2024-04-16,99.93
CUST-0039,2024-05-20,498.02
CUST-0040,2023-01-30,147.8
CUST-0040,2023-02-13,556.09
CUST-0040,2023-06-23,135.92
CUST-0040,2023-04-07,312.74
CUST-0040,2023-08-16,457.48
CUST-0040,2023-08-12,119.04
CUST-0040,2023-08-08,238.02
CUST-0040,2023-12-27,460.4
CUST-0040,2023-12-12,492.6
CUST-0040,2024-04-24,477.58
CUST-0041,2023-02-23,324.41
CUST-0041,2023-05-14,117.91
CUST-0041,2023-04-15,199.34
CUST-0041,2023-07-05,161.27
CUST-0041,2023-09-23,300.29
CUST-0041,2023-07-12,239.65
CUST-0042,2023-03-09,267.74
CUST-0042,2023-01-20,554.12
CUST-0042,2023-05-05,452.14
CUST-0042,2023-04-28,181.75
CUST-0042,2023-05-10,285.21
CUST-0042,2023-07-27,563.93
CUST-0042,2023-11-30,438.92
CUST-0042,2023-10-13,306.26
CUST-0042,2024-01-12,584.69
CUST-0042,2024-01-18,112.16
CUST-0042,2024-03-02,547.22
CUST-0042,2024-04-10,91.89
CUST-0042,2024-06-12,565.26
CUST-0042,2024-04-30,58.49
CUST-0043,2023-03-02,598.45
CUST-0043,2023-02-23,495.2
CUST-0043,2023-01-14,270.21
CUST-0043,2023-06-09,539.4
CUST-0043,2023-04-07,188.98
CUST-0043,2023-07-20,567.96
CUST-0043,2023-08-10,569.61
CUST-0043,2023-08-29,566.52
CUST-0043,2023-11-28,249.87
CUST-0043,2023-11-06,463.71
CUST-0043,2024-02-11,290.99
CUST-0043,2024-05-05,282.37
CUST-0044,2023-03-01,489.31
CUST-0044,2023-02-15,170.91
CUST-0044,2023-05-15,210.2
CUST-0044,2023-08-16,249.54
CUST-0044,2023-11-14,396.33
CUST-0044,2023-10-29,144.48
CUST-0044,2023-10-23,430.39
CUST-0045,2023-03-01,381.35
CUST-0045,2023-06-06,126.35
CUST-0045,2023-05-23,435.69
CUST-0045,2023-07-08,583.05
CUST-0045,2023-10-19,181.99
CUST-0045,2024-01-18,595.24
CUST-0045,2024-02-23,378.96
CUST-0045,2024-01-26,594.76
CUST-0045,2024-06-24,63.72
CUST-0045,2024-06-11,376.73
CUST-0046,2023-03-08,226.63
CUST-0046,2023-01-19,79.46
CUST-0046,2023-04-03,559.08
CUST-0046,2023-06-26,154.74
CUST-0046,2023-08-22,45.29
CUST-0046,2023-09-02,177.21
CUST-0046,2023-12-25,542.71
CUST-0046,2023-10-17,92.19
CUST-0046,2024-03-18,55.64
CUST-0046,2024-01-29,162.75
CUST-0046,2024-04-03,110.65
CUST-0046,2024-05-31,96.25
CUST-0046,2024-05-27,127.23
CUST-0047,2023-02-24,96.21
CUST-0047,2023-03-29,366.84
CUST-0047,2023-01-24,573.25
CUST-0047,2023-06-12,398.81
CUST-0047,2023-05-24,48.47
CUST-0047,2023-05-17,538.8
CUST-0047,2023-07-06,112.29
CUST-0047,2023-12-01,494.8
CUST-0047,2023-12-25,293.35
CUST-0047,2024-02-27,59.77
CUST-0047,2024-01-16,516.77
CUST-0047,2024-01-29,176.72
CUST-0047,2024-06-21,265.42
CUST-0047,2024-06-17,214.35
CUST-0047,2024-05-02,44.57
CUST-0048,2023-02-23,542.12
CUST-0048,2023-03-19,217.39
CUST-0048,2023-04-25,565.91
CUST-0048,2023-05-10,94.05
CUST-0048,2023-05-15,65.7
CUST-0048,2023-09-27,364.33
CUST-0048,2023-09-03,326.3
CUST-0049,2023-03-03,389.3
CUST-0049,2023-12-25,362.59
CUST-0049,2023-12-04,157.63
CUST-0049,2023-11-06,47.85
CUST-0049,2024-02-08,148.83
CUST-0049,2024-03-03,303.81
CUST-0049,2024-02-13,341.86
CUST-0049,2024-04-23,280.12
CUST-0049,2024-04-06,409.75
CUST-0049,2024-04-30,181.49
CUST-0050,2023-03-30,407.81
CUST-0050,2023-06-22,547.73
CUST-0050,2023-07-22,316.08
CUST-0051,2023-02-21,443.18
CUST-0051,2023-01-26,227.05
CUST-0051,2023-02-20,558.49
CUST-0051,2023-05-23,492.06
CUST-0051,2023-04-05,343.43
CUST-0051,2023-08-03,236.15
CUST-0051,2023-09-12,184.69
CUST-0052,2023-03-13,583.29
CUST-0052,2023-05-09,526.67
CUST-0052,2024-04-25,388.27
CUST-0053,2023-03-22,119.45
CUST-0053,2023-03-24,47.43
CUST-0053,2023-01-25,115.29
CUST-0053,2023-06-26,366.66
CUST-0053,2023-07-23,280.37
CUST-0053,2023-12-01,412.17
CUST-0053,2023-10-19,202.13
CUST-0053,2024-02-05,299.51
CUST-0053,2024-03-03,177.96
CUST-0053,2024-03-21,442.45
CUST-0053,2024-04-28,540.88
CUST-0053,2024-05-12,322.89
CUST-0054,2023-02-07,48.46
CUST-0054,2023-03-27,130.38
CUST-0054,2023-04-19,88.38
CUST-0054,2023-08-12,371.77
CUST-0054,2023-07-10,100.84
CUST-0054,2024-03-13,490.5
CUST-0054,2024-05-09,117.14
CUST-0054,2024-05-21,343.47
CUST-0054,2024-04-07,279.84
CUST-0055,2023-03-15,595.45
CUST-0055,2023-01-23,443.16
CUST-0055,2023-05-08,272.35
CUST-0055,2023-06-18,138.38
CUST-0055,2023-06-09,398.19
CUST-0055,2023-09-02,329.15
CUST-0055,2023-08-04,302.44
CUST-0055,2023-10-17,199.42
CUST-0055,2023-11-11,554.85
CUST-0055,2023-12-15,429.35
CUST-0055,2024-03-20,563.84
CUST-0055,2024-06-21,56.82
CUST-0055,2024-06-24,596.94
CUST-0056,2023-01-28,377.24
CUST-0056,2023-01-16,564.46
CUST-0056,2023-06-22,359.03
CUST-0056,2023-04-30,43.3
CUST-0056,2023-06-12,577.99
CUST-0056,2023-08-05,527.1
CUST-0056,2023-07-11,405.4
CUST-0056,2023-10-27,475.77
CUST-0056,2024-01-26,541.1
CUST-0056,2024-03-27,106.64
CUST-0056,2024-01-08,460.01
CUST-0056,2024-05-10,122.58
CUST-0056,2024-06-07,206.3
CUST-0057,2023-01-04,94.47
CUST-0057,2023-03-10,529.16
CUST-0057,2023-08-21,537.43
CUST-0057,2023-12-10,526.77
CUST-0057,2023-11-10,440.69
CUST-0057,2023-10-06,150.31
CUST-0057,2024-04-24,221.88
CUST-0058,2023-02-18,326.71
CUST-0058,2023-09-06,406.83
CUST-0058,2023-09-07,88.79
CUST-0058,2023-07-26,298.89
CUST-0058,2023-12-18,374.96
CUST-0058,2023-11-18,286.44
CUST-0058,2024-02-07,366.16
CUST-0058,2024-05-05,572.75
CUST-0058,2024-05-23,229.33
CUST-0059,2023-02-11,496.16
CUST-0059,2023-01-10,579.57
CUST-0059,2023-02-13,198.2
CUST-0059,2023-04-12,505.02
CUST-0059,2023-07-27,514.54
CUST-0059,2023-07-09,325.02
CUST-0059,2023-08-24,88.74
CUST-0060,2023-02-12,109.93
CUST-0060,2023-02-13,178.22
CUST-0060,2023-02-14,268.39
CUST-0060,2023-11-26,552.6
CUST-0060,2024-03-12,130.16
CUST-0060,2024-02-27,315.48
CUST-0061,2023-02-15,559.16
CUST-0061,2023-01-29,87.49
CUST-0061,2023-04-19,86.97
CUST-0061,2023-12-03,204.16
CUST-0061,2024-03-21,540.43
CUST-0061,2024-03-20,183.43
CUST-0061,2024-03-24,40.37
CUST-0061,2024-05-05,579.04
CUST-0062,2023-03-16,240.67
CUST-0062,2023-03-30,447.38
CUST-0062,2023-01-09,116.67
CUST-0062,2023-05-05,597.61
CUST-0062,2023-04-19,332.17
CUST-0062,2023-05-20,570.81
CUST-0062,2024-01-26,599.68
CUST-0062,2024-03-11,243.79
CUST-0062,2024-03-22,223.25
CUST-0063,2023-03-21,374.94
CUST-0063,2023-02-02,450.56
CUST-0063,2023-03-01,63.89
CUST-0063,2023-04-09,319.91
CUST-0063,2023-05-04,322.42
CUST-0063,2023-04-05,452.35
CUST-0063,2023-08-28,385.32
CUST-0063,2023-08-31,172.53
CUST-0063,2023-07-05,542.6
CUST-0063,2024-04-11,338.61
CUST-0063,2024-05-26,565.95
CUST-0063,2024-04-05,136.08
CUST-0064,2023-03-07,234.53
CUST-0064,2023-03-18,436.15
CUST-0064,2023-06-07,49.53
CUST-0064,2023-08-09,138.64
CUST-0064,2023-09-07,297.57
CUST-0064,2023-08-08,384.08
CUST-0065,2023-01-09,197.46
CUST-0065,2023-02-13,175.58
CUST-0065,2023-04-14,286.53
CUST-0065,2023-05-21,508.69
CUST-0065,2023-04-27,514.82
CUST-0065,2023-07-31,386.72
CUST-0065,2023-12-20,241.13
CUST-0065,2024-02-19,288.39
CUST-0065,2024-05-28,577.47
CUST-0065,2024-06-06,580.62
CUST-0065,2024-04-13,412.81
CUST-0066,2023-03-02,152.63
CUST-0066,2023-07-06,482.93
CUST-0066,2023-07-09,412.77
CUST-0066,2023-09-10,220.0
CUST-0066,2023-11-28,86.97
CUST-0066,2024-02-28,362.67
CUST-0066,2024-05-25,290.31
CUST-0067,2023-02-02,89.16
CUST-0067,2023-01-12,388.75
CUST-0067,2023-04-21,537.14
CUST-0067,2023-06-22,72.0
CUST-0067,2023-09-07,186.36
CUST-0068,2023-03-02,255.08
CUST-0068,2023-05-31,233.42
CUST-0068,2023-08-24,297.34
CUST-0068,2023-08-03,49.82
CUST-0068,2023-10-06,163.18
CUST-0068,2023-11-14,256.06
CUST-0068,2024-01-07,407.86
CUST-0068,2024-06-19,238.57
CUST-0068,2024-04-01,387.35
CUST-0068,2024-04-10,111.14
CUST-0069,2023-03-05,592.31
CUST-0069,2023-02-13,482.8
CUST-0069,2023-05-29,364.75
CUST-0069,2023-04-13,282.32
CUST-0069,2023-07-26,500.16
CUST-0069,2023-12-06,115.04
CUST-0069,2023-12-22,498.92
CUST-0069,2024-01-01,382.48
CUST-0069,2024-04-23,591.16
CUST-0069,2024-06-17,454.71
CUST-0069,2024-06-24,163.89
CUST-0070,2023-01-26,52.45
CUST-0070,2023-02-05,430.17
CUST-0070,2023-05-10,486.73
CUST-0070,2023-04-10,409.4
CUST-0070,2023-08-08,300.02
CUST-0071,2023-02-21,299.16
CUST-0071,2023-01-09,171.33
CUST-0071,2023-01-16,497.66
CUST-0071,2023-04-08,510.27
CUST-0071,2023-06-24,402.57
CUST-0071,2023-05-19,500.88
CUST-0071,2023-09-12,458.25
CUST-0072,2023-03-16,315.26
CUST-0072,2023-01-14,246.48
CUST-0072,2023-03-30,516.93
CUST-0072,2023-05-11,420.94
CUST-0072,2023-05-31,591.07
CUST-0072,2023-07-20,324.42
CUST-0072,2023-08-14,259.96
CUST-0072,2023-10-04,88.12
CUST-0072,2024-03-10,524.64
CUST-0072,2024-03-08,325.01
CUST-0072,2024-03-05,286.99
CUST-0072,2024-05-21,323.21
CUST-0072,2024-05-02,149.06
CUST-0072,2024-05-09,211.01
CUST-0073,2023-02-22,279.57
CUST-0073,2023-06-13,99.47
CUST-0073,2023-04-18,98.06
CUST-0073,2023-11-01,268.0
CUST-0073,2023-10-13,340.29
CUST-0074,2023-03-20,146.17
CUST-0074,2023-01-31,97.0
CUST-0074,2023-03-07,298.24
CUST-0074,2023-05-13,440.5
CUST-0074,2023-04-02,183.74
CUST-0074,2023-09-08,313.62
CUST-0074,2023-09-15,296.03
CUST-0074,2023-10-22,594.43
CUST-0074,2023-11-30,486.81
CUST-0074,2024-01-07,317.09
CUST-0074,2024-02-07,97.34
CUST-0075,2023-03-02,431.34
CUST-0075,2023-04-22,259.02
CUST-0075,2023-04-29,286.78
CUST-0075,2023-04-10,276.01
CUST-0075,2023-07-01,82.39
CUST-0076,2023-01-28,98.95
CUST-0076,2023-03-06,141.22
CUST-0076,2023-01-30,197.75
CUST-0076,2023-06-18,596.26
CUST-0076,2023-07-07,58.51
CUST-0076,2023-08-30,206.65
CUST-0076,2023-07-19,557.63
CUST-0077,2023-03-20,116.98
CUST-0077,2023-01-01,516.67
CUST-0077,2023-03-17,594.76
CUST-0077,2023-06-24,244.97
CUST-0077,2023-04-07,485.6
CUST-0077,2023-08-28,77.34
CUST-0077,2023-09-16,397.07
CUST-0077,2024-01-28,292.95
CUST-0077,2024-03-02,145.37
CUST-0077,2024-06-25,301.24
CUST-0077,2024-04-16,339.5
CUST-0077,2024-06-03,85.19
CUST-0078,2023-02-06,220.15
CUST-0078,2023-01-31,497.46
CUST-0078,2023-05-03,97.9
CUST-0078,2023-04-02,492.37
CUST-0078,2023-08-17,285.78
CUST-0078,2023-10-24,343.7
CUST-0078,2023-12-17,520.68
CUST-0078,2023-10-20,501.46
CUST-0079,2023-02-28,520.57
CUST-0079,2023-03-30,523.0
CUST-0079,2023-03-13,313.92
CUST-0079,2023-06-14,298.25
CUST-0079,2023-06-23,309.34
CUST-0079,2023-04-24,227.82
CUST-0079,2023-09-07,505.76
CUST-0079,2023-07-23,132.08
CUST-0079,2023-11-25,299.44
CUST-0080,2023-07-06,506.45
CUST-0080,2023-07-01,194.61
CUST-0080,2023-10-08,216.73
CUST-0080,2024-01-29,445.43
CUST-0080,2024-01-02,168.81
CUST-0080,2024-04-08,518.73
CUST-0081,2023-02-23,252.4
CUST-0081,2023-01-20,225.43
CUST-0081,2023-02-23,267.57
CUST-0081,2023-06-27,200.76
CUST-0081,2023-11-10,226.13
CUST-0081,2023-11-04,251.03
CUST-0081,2024-02-25,318.51
CUST-0081,2024-04-18,485.35
CUST-0081,2024-06-10,296.68
CUST-0081,2024-05-16,439.47
CUST-0082,2023-01-23,184.39
CUST-0082,2023-02-22,262.27
CUST-0082,2023-06-05,407.91
CUST-0082,2023-08-14,474.31
CUST-0082,2023-10-30,399.01
CUST-0082,2023-10-12,509.44
CUST-0082,2023-11-21,148.29
CUST-0082,2024-03-29,298.71
CUST-0082,2024-05-02,341.77
CUST-0083,2023-03-12,435.96
CUST-0083,2023-05-03,444.3
CUST-0083,2023-08-10,569.84
CUST-0083,2023-07-07,363.04
CUST-0083,2023-09-07,283.12
CUST-0084,2023-02-21,293.24
CUST-0084,2023-04-27,46.95
CUST-0084,2023-09-25,204.48
CUST-0084,2023-10-27,240.59
CUST-0084,2023-11-17,69.91
CUST-0084,2023-12-18,563.97
CUST-0084,2024-03-16,274.08
CUST-0084,2024-01-17,249.24
CUST-0084,2024-03-06,410.53
CUST-0084,2024-04-23,465.43
CUST-0085,2023-02-19,53.19
CUST-0085,2023-03-16,190.41
CUST-0085,2023-03-15,595.96
CUST-0085,2023-06-21,66.38
CUST-0085,2023-07-24,403.74
CUST-0085,2023-10-18,510.23
CUST-0085,2023-10-14,150.02
CUST-0085,2024-03-03,130.61
CUST-0085,2024-02-12,152.74
CUST-0085,2024-03-19,449.56
CUST-0085,2024-06-14,182.77
CUST-0086,2023-03-11,299.34
CUST-0086,2023-05-15,312.87
CUST-0086,2023-08-10,267.21
CUST-0087,2023-03-11,103.86
CUST-0087,2023-04-19,334.79
CUST-0087,2023-06-03,174.49
CUST-0087,2023-09-05,321.13
CUST-0088,2023-08-26,78.45
CUST-0088,2023-09-23,154.77
CUST-0088,2023-11-28,370.15
CUST-0088,2023-10-11,564.69
CUST-0088,2023-10-25,269.29
CUST-0088,2024-02-23,90.97
CUST-0088,2024-03-22,97.68
CUST-0088,2024-03-20,260.67
CUST-0088,2024-06-18,569.2
CUST-0088,2024-04-18,503.45
CUST-0088,2024-06-20,170.65
CUST-0089,2023-01-01,222.27
CUST-0089,2023-04-19,47.67
CUST-0089,2023-08-14,82.59
CUST-0089,2023-07-18,425.07
CUST-0089,2023-09-19,247.2
CUST-0089,2024-03-15,486.24
CUST-0090,2023-02-01,544.33
CUST-0090,2023-06-23,234.48
CUST-0090,2023-06-16,525.97
CUST-0090,2023-04-08,412.28
CUST-0090,2023-07-21,357.48
CUST-0090,2023-09-01,554.75
CUST-0090,2023-07-28,231.58
CUST-0091,2023-01-20,296.51
CUST-0091,2023-06-26,43.76
CUST-0091,2023-06-18,499.86
CUST-0091,2023-08-25,559.85
CUST-0091,2023-10-01,120.11
CUST-0092,2023-02-05,546.47
CUST-0092,2023-01-16,536.96
CUST-0092,2023-03-15,428.2
CUST-0092,2023-06-09,197.24
CUST-0092,2023-05-14,235.78
CUST-0092,2023-09-24,231.22
CUST-0092,2023-07-24,569.26
CUST-0092,2023-11-15,493.01
CUST-0092,2023-10-27,103.89
CUST-0092,2024-03-06,491.75
CUST-0092,2024-06-14,586.03
CUST-0093,2023-06-04,475.93
CUST-0093,2023-06-13,567.64
CUST-0093,2023-08-04,203.63
CUST-0093,2023-10-19,540.76
CUST-0093,2024-03-04,226.38
CUST-0093,2024-03-06,299.19
CUST-0093,2024-03-27,240.09
CUST-0093,2024-04-19,477.93
CUST-0093,2024-06-11,302.46
CUST-0093,2024-06-11,255.33
CUST-0094,2023-02-06,581.3
CUST-0094,2023-03-30,60.99
CUST-0094,2023-01-19,337.63
CUST-0094,2023-04-11,499.52
CUST-0094,2023-04-12,282.46
CUST-0094,2023-05-19,503.25
CUST-0094,2023-08-16,67.81
CUST-0094,2023-08-17,500.58
CUST-0094,2023-09-12,549.68
CUST-0094,2023-10-10,479.7
CUST-0094,2023-10-25,528.95
CUST-0094,2023-10-29,269.71
CUST-0094,2024-03-13,43.21
CUST-0094,2024-01-30,169.67
CUST-0094,2024-04-30,100.71
CUST-0094,2024-05-11,279.09
CUST-0095,2023-03-30,542.52
CUST-0095,2023-02-19,189.74
CUST-0095,2023-01-21,424.85
CUST-0095,2023-05-31,578.72
CUST-0095,2023-04-08,319.3
CUST-0095,2023-07-22,465.84
CUST-0095,2023-08-07,393.15
CUST-0095,2023-09-11,553.05
CUST-0095,2023-10-08,335.46
CUST-0095,2023-10-06,553.42
CUST-0095,2024-03-03,377.29
CUST-0095,2024-02-27,257.41
CUST-0095,2024-02-08,350.69
CUST-0095,2024-04-29,503.18
CUST-0095,2024-06-20,452.83
CUST-0096,2023-03-15,59.7
CUST-0096,2023-02-28,313.54
CUST-0096,2023-06-18,191.22
CUST-0096,2023-09-23,176.94
CUST-0096,2023-09-12,209.76
CUST-0096,2023-08-30,406.19
CUST-0096,2023-11-22,532.5
CUST-0096,2023-12-18,180.09
CUST-0096,2024-03-07,395.6
CUST-0096,2024-05-05,474.58
CUST-0096,2024-04-23,308.35
CUST-0097,2023-01-02,462.37
CUST-0097,2023-01-13,455.2
CUST-0097,2023-03-05,185.47
CUST-0097,2023-04-11,550.85
CUST-0097,2023-09-14,321.04
CUST-0097,2023-09-16,245.74
CUST-0097,2023-08-25,138.78
CUST-0097,2023-11-02,169.3
CUST-0097,2023-11-14,130.69
CUST-0097,2024-02-03,75.8
CUST-0097,2024-03-11,429.84
CUST-0097,2024-02-11,404.79
CUST-0097,2024-06-26,536.04
CUST-0098,2023-05-24,323.8
CUST-0098,2023-05-08,214.92
CUST-0098,2023-06-10,505.38
CUST-0098,2023-07-02,173.42
CUST-0098,2023-09-18,184.12
CUST-0098,2023-07-16,569.5
CUST-0098,2023-10-03,207.3
CUST-0098,2023-12-04,433.73
CUST-0098,2024-01-28,254.64
CUST-0098,2024-03-09,163.3
CUST-0099,2023-02-20,331.88
CUST-0099,2023-02-08,390.82
CUST-0099,2023-06-04,91.93
CUST-0099,2023-04-30,152.52
CUST-0099,2023-05-02,395.29
CUST-0099,2023-07-14,64.91
CUST-0099,2023-09-09,544.46
CUST-0099,2023-08-12,558.65
CUST-0099,2023-10-21,346.5
CUST-0099,2023-11-22,498.12
CUST-0099,2024-05-26,417.76
CUST-0100,2023-01-12,308.69
CUST-0100,2023-02-26,468.58
CUST-0100,2023-01-24,108.54
CUST-0100,2023-04-02,598.31
CUST-0100,2023-05-06,325.48
CUST-0100,2023-09-06,156.93
CUST-0100,2024-06-24,482.29
CUST-0101,2023-02-08,171.0
CUST-0101,2023-02-02,142.45
CUST-0101,2023-04-29,516.93
CUST-0101,2023-05-23,480.15
CUST-0101,2023-04-01,413.76
CUST-0101,2023-07-02,78.95
CUST-0101,2023-09-12,416.98
CUST-0102,2023-02-20,401.59
CUST-0102,2023-01-11,88.73
CUST-0102,2023-01-18,469.16
CUST-0102,2023-04-21,410.65
CUST-0102,2023-08-07,379.67
CUST-0102,2023-09-04,150.75
CUST-0103,2023-03-08,247.59
CUST-0103,2023-03-17,156.26
CUST-0103,2023-02-04,332.11
CUST-0103,2023-05-22,562.82
CUST-0103,2023-07-04,548.89
CUST-0103,2023-12-28,233.92
CUST-0103,2024-03-05,501.91
CUST-0103,2024-05-28,201.79
CUST-0104,2023-04-05,457.65
CUST-0104,2023-06-05,110.7
CUST-0104,2023-06-01,334.09
CUST-0104,2023-08-31,227.87
CUST-0104,2023-11-14,586.52
CUST-0104,2024-02-26,321.12
CUST-0104,2024-04-06,107.86
CUST-0104,2024-05-18,455.86
CUST-0104,2024-06-15,507.65
CUST-0105,2023-02-28,161.08
CUST-0105,2023-03-19,89.59
CUST-0105,2023-01-03,140.38
CUST-0105,2023-06-16,441.43
CUST-0105,2023-09-05,288.77
CUST-0105,2023-09-14,300.55
CUST-0105,2023-10-14,325.13
CUST-0105,2024-01-25,249.55
CUST-0105,2024-02-26,124.05
CUST-0105,2024-03-11,311.59
CUST-0105,2024-04-15,184.77
CUST-0105,2024-05-01,429.76
CUST-0106,2023-02-03,307.96
CUST-0106,2023-03-20,442.29
CUST-0106,2023-05-15,230.03
CUST-0106,2023-06-05,510.59
CUST-0106,2023-05-17,593.45
CUST-0106,2023-09-12,409.11
CUST-0106,2023-09-18,505.62
CUST-0107,2023-02-21,467.14
CUST-0107,2023-03-25,577.96
CUST-0107,2023-01-14,233.73
CUST-0107,2023-06-28,461.45
CUST-0107,2023-04-26,243.11
CUST-0107,2023-12-25,89.22
CUST-0107,2023-10-09,392.49
CUST-0107,2024-03-09,548.22
CUST-0107,2024-01-29,565.07
CUST-0107,2024-06-14,566.33
CUST-0107,2024-04-27,554.55
CUST-0108,2023-03-16,340.53
CUST-0108,2023-01-12,245.54
CUST-0108,2023-02-15,524.54
CUST-0108,2023-06-20,129.91
CUST-0108,2023-05-31,194.29
CUST-0108,2023-07-24,150.44
CUST-0108,2023-07-17,361.05
CUST-0108,2023-08-29,175.68
CUST-0109,2023-03-21,377.57
CUST-0109,2023-06-10,204.62
CUST-0109,2023-04-05,547.63
CUST-0109,2023-09-27,516.17
CUST-0109,2024-04-16,467.93
CUST-0109,2024-05-08,135.56
CUST-0109,2024-05-11,309.3
CUST-0110,2023-04-21,344.52
CUST-0110,2023-05-10,310.04
CUST-0110,2023-06-01,237.43
CUST-0110,2023-07-23,206.24
CUST-0110,2023-07-17,182.84
CUST-0110,2023-07-05,573.75
CUST-0110,2024-04-01,447.38
CUST-0111,2023-02-13,583.43
CUST-0111,2023-02-26,360.58
CUST-0111,2023-06-01,193.88
CUST-0111,2023-05-31,568.43
CUST-0111,2023-04-23,541.16
CUST-0111,2023-08-06,590.13
CUST-0111,2023-07-26,99.05
CUST-0111,2023-11-17,101.86
CUST-0111,2024-01-17,467.92
CUST-0111,2024-02-09,254.32
CUST-0111,2024-01-06,147.33
CUST-0111,2024-06-15,86.13
CUST-0111,2024-05-13,519.5
CUST-0112,2023-02-05,80.44
CUST-0112,2023-03-05,87.01
CUST-0112,2023-09-07,382.59
CUST-0112,2023-09-23,45.2
CUST-0112,2023-10-13,90.64
CUST-0112,2024-03-15,230.8
CUST-0112,2024-03-07,492.19
CUST-0112,2024-04-09,316.63
CUST-0112,2024-04-21,477.0
CUST-0112,2024-04-09,353.59
CUST-0113,2023-03-18,252.79
CUST-0113,2023-06-23,206.38
CUST-0113,2023-04-27,74.99
CUST-0113,2023-06-27,451.36
CUST-0113,2023-07-26,277.39
CUST-0113,2023-08-19,65.66
CUST-0114,2023-01-09,223.97
CUST-0114,2023-02-14,172.23
CUST-0114,2023-06-23,324.2
CUST-0114,2023-08-27,434.45
CUST-0114,2023-07-21,187.4
CUST-0115,2023-02-27,390.89
CUST-0115,2023-03-23,272.04
CUST-0115,2023-02-01,466.3
CUST-0115,2023-04-06,137.61
CUST-0115,2023-08-15,572.46
CUST-0115,2023-09-26,559.2
CUST-0115,2024-06-13,337.69
CUST-0115,2024-05-12,404.96
CUST-0115,2024-04-27,124.76
CUST-0116,2023-03-16,384.86
CUST-0116,2023-06-15,408.97
CUST-0116,2023-09-21,542.24
CUST-0116,2023-08-16,189.88
CUST-0116,2023-07-04,257.74
CUST-0116,2023-10-23,139.06
CUST-0116,2023-10-19,54.0
CUST-0116,2023-12-17,141.84
CUST-0116,2024-03-08,165.05
CUST-0116,2024-03-05,581.78
CUST-0116,2024-01-23,467.09
CUST-0116,2024-05-10,116.27
CUST-0117,2023-03-04,250.58
CUST-0117,2023-06-04,205.45
CUST-0117,2023-05-08,51.03
CUST-0117,2023-04-12,205.58
CUST-0117,2023-09-15,539.09
CUST-0117,2023-08-31,458.82
CUST-0117,2024-05-09,238.39
CUST-0117,2024-04-18,543.57
CUST-0117,2024-06-13,288.11
CUST-0118,2023-07-20,195.97
CUST-0118,2023-08-11,50.68
CUST-0118,2023-09-18,429.74
CUST-0118,2023-12-28,125.85
CUST-0118,2023-12-14,172.74
CUST-0118,2023-12-06,564.51
CUST-0118,2024-03-14,152.46
CUST-0118,2024-02-11,373.03
CUST-0118,2024-06-25,526.12
CUST-0118,2024-06-06,269.89
CUST-0119,2023-01-08,200.25
CUST-0119,2023-02-04,174.57
CUST-0119,2023-02-13,554.88
CUST-0119,2023-05-22,529.74
CUST-0119,2023-05-03,253.58
CUST-0119,2023-04-07,357.23
CUST-0119,2023-08-25,189.77
CUST-0119,2023-07-20,189.32
CUST-0120,2023-01-16,288.62
CUST-0120,2023-05-28,117.29
CUST-0120,2023-08-06,355.37
CUST-0120,2023-09-16,539.81
CUST-0120,2023-08-18,479.6
CUST-0121,2023-01-15,304.31
CUST-0121,2023-06-02,486.57
CUST-0121,2023-04-19,161.59
CUST-0121,2023-09-20,358.32
CUST-0121,2023-09-13,414.47
CUST-0121,2023-08-19,267.06
CUST-0122,2023-05-10,130.07
CUST-0122,2023-06-19,457.06
CUST-0122,2023-05-04,60.45
CUST-0122,2023-09-01,308.32
CUST-0122,2023-09-20,190.74
CUST-0122,2023-08-14,477.83
CUST-0122,2023-10-28,327.56
CUST-0122,2024-02-09,379.92
CUST-0122,2024-01-18,262.45
CUST-0122,2024-06-11,413.15
CUST-0122,2024-06-03,180.64
CUST-0122,2024-06-04,75.76
CUST-0123,2023-05-02,314.21
CUST-0123,2023-05-31,279.5
CUST-0123,2023-04-20,324.28
CUST-0123,2023-10-03,260.41
CUST-0123,2024-01-26,395.13
CUST-0123,2024-06-12,384.09
CUST-0124,2023-01-01,578.42
CUST-0124,2023-06-16,380.25
CUST-0124,2023-09-11,372.79
CUST-0124,2023-09-27,176.27
CUST-0124,2023-09-19,288.71
CUST-0124,2023-11-29,160.75
CUST-0124,2023-11-14,186.93
CUST-0124,2024-06-05,490.36
CUST-0124,2024-06-03,277.54
CUST-0124,2024-04-30,393.57
CUST-0125,2023-02-12,539.32
CUST-0125,2023-01-06,531.3
CUST-0125,2023-01-03,280.5
CUST-0125,2023-05-18,176.59
CUST-0125,2023-06-02,413.88
CUST-0125,2023-08-31,342.35
CUST-0125,2024-01-24,41.18
CUST-0126,2023-01-22,330.74
CUST-0126,2023-05-23,531.2
CUST-0126,2023-09-15,582.49
CUST-0126,2023-08-24,292.14
CUST-0126,2023-09-17,119.45
CUST-0126,2024-06-25,168.11
CUST-0127,2023-02-25,393.26
CUST-0127,2023-04-28,138.84
CUST-0127,2023-09-15,468.18
CUST-0127,2023-09-07,598.4
CUST-0127,2023-09-04,353.34
CUST-0127,2023-10-16,381.34
CUST-0127,2023-10-08,327.25
CUST-0127,2023-10-26,297.22
CUST-0127,2024-02-20,555.97
CUST-0127,2024-02-20,272.48
CUST-0127,2024-03-13,497.71
CUST-0128,2023-02-28,252.31
CUST-0128,2023-01-02,265.24
CUST-0128,2023-02-07,147.54
CUST-0128,2023-04-09,67.49
CUST-0128,2023-11-29,221.5
CUST-0128,2024-02-10,563.71
CUST-0128,2024-03-15,493.97
CUST-0128,2024-06-16,574.08
CUST-0128,2024-06-07,77.42
CUST-0129,2023-01-17,73.74
CUST-0129,2023-01-06,270.3
CUST-0129,2023-06-25,564.31
CUST-0129,2023-05-16,162.88
CUST-0129,2023-06-02,262.07
CUST-0129,2023-08-17,170.87
CUST-0129,2023-07-23,330.33
CUST-0129,2023-08-28,536.22
CUST-0130,2023-02-27,308.71
CUST-0130,2023-03-11,383.7
CUST-0130,2023-05-28,50.81
CUST-0130,2023-04-19,598.74
CUST-0130,2023-08-12,570.11
CUST-0130,2023-10-27,164.63
CUST-0131,2023-03-02,347.07
CUST-0131,2023-02-09,305.52
CUST-0131,2023-04-03,189.5
CUST-0131,2023-05-22,55.35
CUST-0131,2023-08-27,306.77
CUST-0131,2023-09-04,435.88
CUST-0131,2023-07-03,247.28
CUST-0132,2023-06-25,374.0
CUST-0132,2023-09-10,375.75
CUST-0132,2023-12-05,267.21
CUST-0132,2023-10-14,189.23
CUST-0132,2023-11-11,580.78
CUST-0132,2024-05-13,115.44
CUST-0133,2023-04-09,581.66
CUST-0133,2023-06-18,549.82
CUST-0133,2023-07-31,367.94
CUST-0133,2023-10-12,330.57
CUST-0133,2023-12-23,102.33
CUST-0133,2023-10-07,108.29
CUST-0133,2024-01-27,213.42
CUST-0133,2024-01-31,82.58
CUST-0133,2024-03-03,102.24
CUST-0133,2024-05-29,416.76
CUST-0133,2024-06-01,443.28
CUST-0133,2024-06-03,411.24
CUST-0134,2023-01-24,281.51
CUST-0134,2023-01-07,409.96
CUST-0134,2023-03-16,289.31
CUST-0134,2023-04-25,490.81
CUST-0134,2023-04-08,286.37
CUST-0134,2023-07-15,427.78
CUST-0134,2023-09-16,589.12
CUST-0134,2023-11-29,543.94
CUST-0134,2023-10-03,437.6
CUST-0134,2023-11-18,511.76
CUST-0134,2024-01-09,305.57
CUST-0134,2024-03-29,72.36
CUST-0134,2024-02-23,481.97
CUST-0134,2024-06-03,564.29
CUST-0135,2023-03-16,275.99
CUST-0135,2023-05-01,195.26
CUST-0135,2023-07-20,281.6
CUST-0136,2023-01-05,42.09
CUST-0136,2023-02-02,81.33
CUST-0136,2023-04-29,210.15
CUST-0136,2023-05-31,151.0
CUST-0136,2023-05-18,426.21
CUST-0136,2023-07-14,524.3
CUST-0137,2023-01-29,549.86
CUST-0137,2023-04-22,510.44
CUST-0137,2023-05-18,398.88
CUST-0137,2023-08-20,314.21
CUST-0137,2023-09-23,315.26
CUST-0137,2023-08-30,446.55
CUST-0137,2023-10-17,220.5
CUST-0137,2023-10-09,261.33
CUST-0137,2024-02-17,565.26
CUST-0137,2024-03-16,363.94
CUST-0137,2024-03-04,463.88
CUST-0137,2024-05-25,202.84
CUST-0138,2023-01-07,52.49
CUST-0138,2023-01-09,388.6
CUST-0138,2023-05-07,287.31
CUST-0138,2023-05-20,554.65
CUST-0138,2023-06-13,581.65
CUST-0138,2023-09-08,41.83
CUST-0138,2023-10-14,368.87
CUST-0138,2024-03-26,85.61
CUST-0138,2024-05-16,262.03
CUST-0138,2024-05-27,190.39
CUST-0139,2023-01-08,439.24
CUST-0139,2023-02-09,398.36
CUST-0139,2023-06-24,230.19
CUST-0139,2023-04-05,255.47
CUST-0139,2023-07-22,490.79
CUST-0139,2023-08-28,262.2
CUST-0139,2023-07-01,393.5
CUST-0140,2023-02-05,584.41
CUST-0140,2023-02-25,599.64
CUST-0140,2023-04-24,121.94
CUST-0140,2023-05-26,287.17
CUST-0140,2023-07-21,470.34
CUST-0140,2023-08-03,437.43
CUST-0141,2023-03-18,98.66
CUST-0141,2023-01-12,477.69
CUST-0141,2023-06-19,379.77
CUST-0141,2023-04-27,70.93
CUST-0141,2023-07-19,264.12
CUST-0141,2023-08-05,277.62
CUST-0142,2023-03-28,353.41
CUST-0142,2023-06-21,161.84
CUST-0142,2023-04-05,382.09
CUST-0142,2023-05-31,179.05
CUST-0142,2023-09-17,316.97
CUST-0143,2023-03-15,212.32
CUST-0143,2023-01-25,532.08
CUST-0143,2023-04-05,234.4
CUST-0143,2023-04-01,429.28
CUST-0143,2023-04-18,494.29
CUST-0143,2023-07-06,523.45
CUST-0143,2024-06-01,161.51
CUST-0143,2024-06-05,204.1
CUST-0144,2023-01-25,280.79
CUST-0144,2023-01-05,250.16
CUST-0144,2023-03-17,421.2
CUST-0144,2023-06-05,244.3
CUST-0144,2023-05-07,469.84
CUST-0144,2023-06-19,497.53
CUST-0144,2023-07-12,283.77
CUST-0144,2024-01-04,262.78
CUST-0144,2024-03-04,120.18
CUST-0144,2024-02-26,68.77
CUST-0144,2024-06-14,285.85
CUST-0144,2024-04-08,502.04
CUST-0145,2023-03-22,417.98
CUST-0145,2023-01-28,365.83
CUST-0145,2023-02-22,376.69
CUST-0145,2023-05-12,241.95
CUST-0145,2023-05-18,76.57
CUST-0145,2023-04-22,246.71
CUST-0145,2023-09-07,349.5
CUST-0145,2023-09-10,495.95
CUST-0145,2023-07-15,63.22
CUST-0146,2023-02-16,206.36
CUST-0146,2023-01-12,340.5
CUST-0146,2023-05-10,590.51
CUST-0146,2023-04-04,419.48
CUST-0146,2023-07-09,453.62
CUST-0146,2023-09-16,424.69
CUST-0146,2023-08-17,453.12
CUST-0146,2023-12-28,106.3
CUST-0146,2024-03-29,307.04
CUST-0146,2024-04-18,249.22
CUST-0146,2024-05-23,541.4
CUST-0146,2024-05-03,333.6
CUST-0147,2023-01-05,524.4
CUST-0147,2023-06-19,44.61
CUST-0147,2023-06-11,108.08
CUST-0147,2023-07-07,89.95
CUST-0147,2023-08-17,536.75
CUST-0148,2023-01-20,552.53
CUST-0148,2023-02-26,182.31
CUST-0148,2023-01-04,222.96
CUST-0148,2023-05-22,246.75
CUST-0148,2023-07-10,359.39
CUST-0149,2023-02-09,577.16
CUST-0149,2023-04-18,495.9
CUST-0149,2023-04-12,543.62
CUST-0149,2023-08-06,172.56
CUST-0149,2023-09-21,556.21
CUST-0149,2023-09-17,420.28
CUST-0149,2023-12-27,373.4
CUST-0149,2023-12-24,366.44
CUST-0149,2024-01-07,374.12
CUST-0149,2024-03-08,257.42
CUST-0149,2024-01-22,251.6
CUST-0149,2024-06-26,397.17
CUST-0150,2023-02-04,328.2
CUST-0150,2023-05-10,303.5
CUST-0150,2023-05-24,432.99
CUST-0150,2023-12-19,133.24
CUST-0150,2023-10-25,283.34
CUST-0150,2024-04-08,290.53
CUST-0150,2024-06-19,479.23
CUST-0150,2024-05-14,101.07
