statement,line_item,fiscal_year,statement_date,value_million_usd
Profit & Loss statement,NET OPERATING REVENUES,2009,2009-12-31,30990.0
Profit & Loss statement,NET OPERATING REVENUES,2010,2010-12-31,35119.0
Profit & Loss statement,NET OPERATING REVENUES,2011,2011-12-31,46542.0
Profit & Loss statement,NET OPERATING REVENUES,2012,2012-12-31,48017.0
Profit & Loss statement,NET OPERATING REVENUES,2013,2013-12-31,46854.0
Profit & Loss statement,NET OPERATING REVENUES,2014,2014-12-31,45998.0
Profit & Loss statement,NET OPERATING REVENUES,2015,2015-12-31,44294.0
Profit & Loss statement,NET OPERATING REVENUES,2016,2016-12-31,41863.0
Profit & Loss statement,NET OPERATING REVENUES,2017,2017-12-31,35410.0
Profit & Loss statement,NET OPERATING REVENUES,2018,2018-12-31,31856.0
Profit & Loss statement,Cost of goods sold,2009,2009-12-31,11088.0
Profit & Loss statement,Cost of goods sold,2010,2010-12-31,12693.0
Profit & Loss statement,Cost of goods sold,2011,2011-12-31,18215.0
Profit & Loss statement,Cost of goods sold,2012,2012-12-31,19053.0
Profit & Loss statement,Cost of goods sold,2013,2013-12-31,18421.0
Profit & Loss statement,Cost of goods sold,2014,2014-12-31,17889.0
Profit & Loss statement,Cost of goods sold,2015,2015-12-31,17482.0
Profit & Loss statement,Cost of goods sold,2016,2016-12-31,16465.0
Profit & Loss statement,Cost of goods sold,2017,2017-12-31,13255.0
Profit & Loss statement,Cost of goods sold,2018,2018-12-31,11770.0
Profit & Loss statement,Gross Profit,2009,2009-12-31,19902.0
Profit & Loss statement,Gross Profit,2010,2010-12-31,22426.0
Profit & Loss statement,Gross Profit,2011,2011-12-31,28327.0
Profit & Loss statement,Gross Profit,2012,2012-12-31,28964.0
Profit & Loss statement,Gross Profit,2013,2013-12-31,28433.0
Profit & Loss statement,Gross Profit,2014,2014-12-31,28109.0
Profit & Loss statement,Gross Profit,2015,2015-12-31,26812.0
Profit & Loss statement,Gross Profit,2016,2016-12-31,25398.0
Profit & Loss statement,Gross Profit,2017,2017-12-31,22155.0
Profit & Loss statement,Gross Profit,2018,2018-12-31,20086.0
Profit & Loss statement,"Selling, general and administrative expenses",2009,2009-12-31,11358.0
Profit & Loss statement,"Selling, general and administrative expenses",2010,2010-12-31,13194.0
Profit & Loss statement,"Selling, general and administrative expenses",2011,2011-12-31,17422.0
Profit & Loss statement,"Selling, general and administrative expenses",2012,2012-12-31,17738.0
Profit & Loss statement,"Selling, general and administrative expenses",2013,2013-12-31,17310.0
Profit & Loss statement,"Selling, general and administrative expenses",2014,2014-12-31,17218.0
Profit & Loss statement,"Selling, general and administrative expenses",2015,2015-12-31,16427.0
Profit & Loss statement,"Selling, general and administrative expenses",2016,2016-12-31,15262.0
Profit & Loss statement,"Selling, general and administrative expenses",2017,2017-12-31,12654.0
Profit & Loss statement,"Selling, general and administrative expenses",2018,2018-12-31,10307.0
Profit & Loss statement,Other operating charges,2009,2009-12-31,313.0
Profit & Loss statement,Other operating charges,2010,2010-12-31,819.0
Profit & Loss statement,Other operating charges,2011,2011-12-31,732.0
Profit & Loss statement,Other operating charges,2012,2012-12-31,447.0
Profit & Loss statement,Other operating charges,2013,2013-12-31,895.0
Profit & Loss statement,Other operating charges,2014,2014-12-31,1183.0
Profit & Loss statement,Other operating charges,2015,2015-12-31,1657.0
Profit & Loss statement,Other operating charges,2016,2016-12-31,1510.0
Profit & Loss statement,Other operating charges,2017,2017-12-31,1902.0
Profit & Loss statement,Other operating charges,2018,2018-12-31,1079.0
Profit & Loss statement,Operating Income,2009,2009-12-31,8231.0
Profit & Loss statement,Operating Income,2010,2010-12-31,8413.0
Profit & Loss statement,Operating Income,2011,2011-12-31,10173.0
Profit & Loss statement,Operating Income,2012,2012-12-31,10779.0
Profit & Loss statement,Operating Income,2013,2013-12-31,10228.0
Profit & Loss statement,Operating Income,2014,2014-12-31,9708.0
Profit & Loss statement,Operating Income,2015,2015-12-31,8728.0
Profit & Loss statement,Operating Income,2016,2016-12-31,8626.0
Profit & Loss statement,Operating Income,2017,2017-12-31,7599.0
Profit & Loss statement,Operating Income,2018,2018-12-31,8700.0
Profit & Loss statement,Interest income,2009,2009-12-31,249.0
Profit & Loss statement,Interest income,2010,2010-12-31,317.0
Profit & Loss statement,Interest income,2011,2011-12-31,483.0
Profit & Loss statement,Interest income,2012,2012-12-31,471.0
Profit & Loss statement,Interest income,2013,2013-12-31,534.0
Profit & Loss statement,Interest income,2014,2014-12-31,594.0
Profit & Loss statement,Interest income,2015,2015-12-31,613.0
Profit & Loss statement,Interest income,2016,2016-12-31,642.0
Profit & Loss statement,Interest income,2017,2017-12-31,677.0
Profit & Loss statement,Interest income,2018,2018-12-31,682.0
Profit & Loss statement,Interest expense,2009,2009-12-31,355.0
Profit & Loss statement,Interest expense,2010,2010-12-31,733.0
Profit & Loss statement,Interest expense,2011,2011-12-31,417.0
Profit & Loss statement,Interest expense,2012,2012-12-31,397.0
Profit & Loss statement,Interest expense,2013,2013-12-31,463.0
Profit & Loss statement,Interest expense,2014,2014-12-31,483.0
Profit & Loss statement,Interest expense,2015,2015-12-31,856.0
Profit & Loss statement,Interest expense,2016,2016-12-31,733.0
Profit & Loss statement,Interest expense,2017,2017-12-31,841.0
Profit & Loss statement,Interest expense,2018,2018-12-31,919.0
Profit & Loss statement,Equity income (loss) - net,2009,2009-12-31,781.0
Profit & Loss statement,Equity income (loss) - net,2010,2010-12-31,1025.0
Profit & Loss statement,Equity income (loss) - net,2011,2011-12-31,690.0
Profit & Loss statement,Equity income (loss) - net,2012,2012-12-31,819.0
Profit & Loss statement,Equity income (loss) - net,2013,2013-12-31,602.0
Profit & Loss statement,Equity income (loss) - net,2014,2014-12-31,769.0
Profit & Loss statement,Equity income (loss) - net,2015,2015-12-31,489.0
Profit & Loss statement,Equity income (loss) - net,2016,2016-12-31,835.0
Profit & Loss statement,Equity income (loss) - net,2017,2017-12-31,1071.0
Profit & Loss statement,Equity income (loss) - net,2018,2018-12-31,1008.0
Profit & Loss statement,Other income (loss) - net,2009,2009-12-31,40.0
Profit & Loss statement,Other income (loss) - net,2010,2010-12-31,5185.0
Profit & Loss statement,Other income (loss) - net,2011,2011-12-31,529.0
Profit & Loss statement,Other income (loss) - net,2012,2012-12-31,137.0
Profit & Loss statement,Other income (loss) - net,2013,2013-12-31,576.0
Profit & Loss statement,Other income (loss) - net,2014,2014-12-31,-1263.0
Profit & Loss statement,Other income (loss) - net,2015,2015-12-31,631.0
Profit & Loss statement,Other income (loss) - net,2016,2016-12-31,-1234.0
Profit & Loss statement,Other income (loss) - net,2017,2017-12-31,-1764.0
Profit & Loss statement,Other income (loss) - net,2018,2018-12-31,-1121.0
Profit & Loss statement,Income before income taxes,2009,2009-12-31,8946.0
Profit & Loss statement,Income before income taxes,2010,2010-12-31,14207.0
Profit & Loss statement,Income before income taxes,2011,2011-12-31,11458.0
Profit & Loss statement,Income before income taxes,2012,2012-12-31,11809.0
Profit & Loss statement,Income before income taxes,2013,2013-12-31,11477.0
Profit & Loss statement,Income before income taxes,2014,2014-12-31,9325.0
Profit & Loss statement,Income before income taxes,2015,2015-12-31,9605.0
Profit & Loss statement,Income before income taxes,2016,2016-12-31,8136.0
Profit & Loss statement,Income before income taxes,2017,2017-12-31,6742.0
Profit & Loss statement,Income before income taxes,2018,2018-12-31,8350.0
Profit & Loss statement,Income taxes,2009,2009-12-31,2040.0
Profit & Loss statement,Income taxes,2010,2010-12-31,2370.0
Profit & Loss statement,Income taxes,2011,2011-12-31,2812.0
Profit & Loss statement,Income taxes,2012,2012-12-31,2723.0
Profit & Loss statement,Income taxes,2013,2013-12-31,2851.0
Profit & Loss statement,Income taxes,2014,2014-12-31,2201.0
Profit & Loss statement,Income taxes,2015,2015-12-31,2239.0
Profit & Loss statement,Income taxes,2016,2016-12-31,1586.0
Profit & Loss statement,Income taxes,2017,2017-12-31,5560.0
Profit & Loss statement,Income taxes,2018,2018-12-31,1623.0
Profit & Loss statement,CONSOLIDATED NET INCOME,2009,2009-12-31,6906.0
Profit & Loss statement,CONSOLIDATED NET INCOME,2010,2010-12-31,11837.0
Profit & Loss statement,CONSOLIDATED NET INCOME,2011,2011-12-31,8646.0
Profit & Loss statement,CONSOLIDATED NET INCOME,2012,2012-12-31,9086.0
Profit & Loss statement,CONSOLIDATED NET INCOME,2013,2013-12-31,8626.0
Profit & Loss statement,CONSOLIDATED NET INCOME,2014,2014-12-31,7124.0
Profit & Loss statement,CONSOLIDATED NET INCOME,2015,2015-12-31,7366.0
Profit & Loss statement,CONSOLIDATED NET INCOME,2016,2016-12-31,6550.0
Profit & Loss statement,CONSOLIDATED NET INCOME,2017,2017-12-31,1283.0
Profit & Loss statement,CONSOLIDATED NET INCOME,2018,2018-12-31,6476.0
Profit & Loss statement,Less: Net income attributable to noncontrolling interests,2009,2009-12-31,82.0
Profit & Loss statement,Less: Net income attributable to noncontrolling interests,2010,2010-12-31,50.0
Profit & Loss statement,Less: Net income attributable to noncontrolling interests,2011,2011-12-31,62.0
Profit & Loss statement,Less: Net income attributable to noncontrolling interests,2012,2012-12-31,67.0
Profit & Loss statement,Less: Net income attributable to noncontrolling interests,2013,2013-12-31,42.0
Profit & Loss statement,Less: Net income attributable to noncontrolling interests,2014,2014-12-31,26.0
Profit & Loss statement,Less: Net income attributable to noncontrolling interests,2015,2015-12-31,15.0
Profit & Loss statement,Less: Net income attributable to noncontrolling interests,2016,2016-12-31,23.0
Profit & Loss statement,Less: Net income attributable to noncontrolling interests,2017,2017-12-31,35.0
Profit & Loss statement,Less: Net income attributable to noncontrolling interests,2018,2018-12-31,42.0
Profit & Loss statement,Net income from continuing operations,2009,2009-12-31,
Profit & Loss statement,Net income from continuing operations,2010,2010-12-31,
Profit & Loss statement,Net income from continuing operations,2011,2011-12-31,
Profit & Loss statement,Net income from continuing operations,2012,2012-12-31,
Profit & Loss statement,Net income from continuing operations,2013,2013-12-31,
Profit & Loss statement,Net income from continuing operations,2014,2014-12-31,
Profit & Loss statement,Net income from continuing operations,2015,2015-12-31,7366.0
Profit & Loss statement,Net income from continuing operations,2016,2016-12-31,6550.0
Profit & Loss statement,Net income from continuing operations,2017,2017-12-31,1182.0
Profit & Loss statement,Net income from continuing operations,2018,2018-12-31,6727.0
Profit & Loss statement,"Income (Loss) from Discontinued Operations, Net of Tax, Including Portion Attributable to Noncontrolling Interest",2009,2009-12-31,
Profit & Loss statement,"Income (Loss) from Discontinued Operations, Net of Tax, Including Portion Attributable to Noncontrolling Interest",2010,2010-12-31,
Profit & Loss statement,"Income (Loss) from Discontinued Operations, Net of Tax, Including Portion Attributable to Noncontrolling Interest",2011,2011-12-31,
Profit & Loss statement,"Income (Loss) from Discontinued Operations, Net of Tax, Including Portion Attributable to Noncontrolling Interest",2012,2012-12-31,
Profit & Loss statement,"Income (Loss) from Discontinued Operations, Net of Tax, Including Portion Attributable to Noncontrolling Interest",2013,2013-12-31,
Profit & Loss statement,"Income (Loss) from Discontinued Operations, Net of Tax, Including Portion Attributable to Noncontrolling Interest",2014,2014-12-31,
Profit & Loss statement,"Income (Loss) from Discontinued Operations, Net of Tax, Including Portion Attributable to Noncontrolling Interest",2015,2015-12-31,0.0
Profit & Loss statement,"Income (Loss) from Discontinued Operations, Net of Tax, Including Portion Attributable to Noncontrolling Interest",2016,2016-12-31,0.0
Profit & Loss statement,"Income (Loss) from Discontinued Operations, Net of Tax, Including Portion Attributable to Noncontrolling Interest",2017,2017-12-31,101.0
Profit & Loss statement,"Income (Loss) from Discontinued Operations, Net of Tax, Including Portion Attributable to Noncontrolling Interest",2018,2018-12-31,-251.0
Profit & Loss statement,NET INCOME ATTRIBUTABLE TO SHAREOWNERS OF THE COCA-COLA COMPANY,2009,2009-12-31,6824.0
Profit & Loss statement,NET INCOME ATTRIBUTABLE TO SHAREOWNERS OF THE COCA-COLA COMPANY,2010,2010-12-31,11787.0
Profit & Loss statement,NET INCOME ATTRIBUTABLE TO SHAREOWNERS OF THE COCA-COLA COMPANY,2011,2011-12-31,8584.0
Profit & Loss statement,NET INCOME ATTRIBUTABLE TO SHAREOWNERS OF THE COCA-COLA COMPANY,2012,2012-12-31,9019.0
Profit & Loss statement,NET INCOME ATTRIBUTABLE TO SHAREOWNERS OF THE COCA-COLA COMPANY,2013,2013-12-31,8584.0
Profit & Loss statement,NET INCOME ATTRIBUTABLE TO SHAREOWNERS OF THE COCA-COLA COMPANY,2014,2014-12-31,7098.0
Profit & Loss statement,NET INCOME ATTRIBUTABLE TO SHAREOWNERS OF THE COCA-COLA COMPANY,2015,2015-12-31,7351.0
Profit & Loss statement,NET INCOME ATTRIBUTABLE TO SHAREOWNERS OF THE COCA-COLA COMPANY,2016,2016-12-31,6527.0
Profit & Loss statement,NET INCOME ATTRIBUTABLE TO SHAREOWNERS OF THE COCA-COLA COMPANY,2017,2017-12-31,1248.0
Profit & Loss statement,NET INCOME ATTRIBUTABLE TO SHAREOWNERS OF THE COCA-COLA COMPANY,2018,2018-12-31,6434.0
Balance Sheet,Assets,2009,2009-12-31,
Balance Sheet,Assets,2010,2010-12-31,
Balance Sheet,Assets,2011,2011-12-31,
Balance Sheet,Assets,2012,2012-12-31,
Balance Sheet,Assets,2013,2013-12-31,
Balance Sheet,Assets,2014,2014-12-31,
Balance Sheet,Assets,2015,2015-12-31,
Balance Sheet,Assets,2016,2016-12-31,
Balance Sheet,Assets,2017,2017-12-31,
Balance Sheet,Assets,2018,2018-12-31,
Balance Sheet,Cash and cash equivalents,2009,2009-12-31,7021.0
Balance Sheet,Cash and cash equivalents,2010,2010-12-31,8517.0
Balance Sheet,Cash and cash equivalents,2011,2011-12-31,12803.0
Balance Sheet,Cash and cash equivalents,2012,2012-12-31,8442.0
Balance Sheet,Cash and cash equivalents,2013,2013-12-31,10414.0
Balance Sheet,Cash and cash equivalents,2014,2014-12-31,8958.0
Balance Sheet,Cash and cash equivalents,2015,2015-12-31,7309.0
Balance Sheet,Cash and cash equivalents,2016,2016-12-31,8555.0
Balance Sheet,Cash and cash equivalents,2017,2017-12-31,6006.0
Balance Sheet,Cash and cash equivalents,2018,2018-12-31,8926.0
Balance Sheet,Short-term investments,2009,2009-12-31,2130.0
Balance Sheet,Short-term investments,2010,2010-12-31,2682.0
Balance Sheet,Short-term investments,2011,2011-12-31,1088.0
Balance Sheet,Short-term investments,2012,2012-12-31,5017.0
Balance Sheet,Short-term investments,2013,2013-12-31,6707.0
Balance Sheet,Short-term investments,2014,2014-12-31,9052.0
Balance Sheet,Short-term investments,2015,2015-12-31,8322.0
Balance Sheet,Short-term investments,2016,2016-12-31,9595.0
Balance Sheet,Short-term investments,2017,2017-12-31,9352.0
Balance Sheet,Short-term investments,2018,2018-12-31,2025.0
Balance Sheet,"Total cash, cash equivalents and short-term investments",2009,2009-12-31,9151.0
Balance Sheet,"Total cash, cash equivalents and short-term investments",2010,2010-12-31,11199.0
Balance Sheet,"Total cash, cash equivalents and short-term investments",2011,2011-12-31,13891.0
Balance Sheet,"Total cash, cash equivalents and short-term investments",2012,2012-12-31,13459.0
Balance Sheet,"Total cash, cash equivalents and short-term investments",2013,2013-12-31,17121.0
Balance Sheet,"Total cash, cash equivalents and short-term investments",2014,2014-12-31,18010.0
Balance Sheet,"Total cash, cash equivalents and short-term investments",2015,2015-12-31,15631.0
Balance Sheet,"Total cash, cash equivalents and short-term investments",2016,2016-12-31,18150.0
Balance Sheet,"Total cash, cash equivalents and short-term investments",2017,2017-12-31,15358.0
Balance Sheet,"Total cash, cash equivalents and short-term investments",2018,2018-12-31,10951.0
Balance Sheet,Marketable securities,2009,2009-12-31,62.0
Balance Sheet,Marketable securities,2010,2010-12-31,138.0
Balance Sheet,Marketable securities,2011,2011-12-31,144.0
Balance Sheet,Marketable securities,2012,2012-12-31,3092.0
Balance Sheet,Marketable securities,2013,2013-12-31,3147.0
Balance Sheet,Marketable securities,2014,2014-12-31,3665.0
Balance Sheet,Marketable securities,2015,2015-12-31,4269.0
Balance Sheet,Marketable securities,2016,2016-12-31,4051.0
Balance Sheet,Marketable securities,2017,2017-12-31,5317.0
Balance Sheet,Marketable securities,2018,2018-12-31,5013.0
Balance Sheet,"Trade accounts receivable, less allowances",2009,2009-12-31,3758.0
Balance Sheet,"Trade accounts receivable, less allowances",2010,2010-12-31,4430.0
Balance Sheet,"Trade accounts receivable, less allowances",2011,2011-12-31,4920.0
Balance Sheet,"Trade accounts receivable, less allowances",2012,2012-12-31,4759.0
Balance Sheet,"Trade accounts receivable, less allowances",2013,2013-12-31,4873.0
Balance Sheet,"Trade accounts receivable, less allowances",2014,2014-12-31,4466.0
Balance Sheet,"Trade accounts receivable, less allowances",2015,2015-12-31,3941.0
Balance Sheet,"Trade accounts receivable, less allowances",2016,2016-12-31,3856.0
Balance Sheet,"Trade accounts receivable, less allowances",2017,2017-12-31,3667.0
Balance Sheet,"Trade accounts receivable, less allowances",2018,2018-12-31,3396.0
Balance Sheet,Inventories,2009,2009-12-31,2354.0
Balance Sheet,Inventories,2010,2010-12-31,2650.0
Balance Sheet,Inventories,2011,2011-12-31,3092.0
Balance Sheet,Inventories,2012,2012-12-31,3264.0
Balance Sheet,Inventories,2013,2013-12-31,3277.0
Balance Sheet,Inventories,2014,2014-12-31,3100.0
Balance Sheet,Inventories,2015,2015-12-31,2902.0
Balance Sheet,Inventories,2016,2016-12-31,2675.0
Balance Sheet,Inventories,2017,2017-12-31,2655.0
Balance Sheet,Inventories,2018,2018-12-31,2766.0
Balance Sheet,Prepaid expenses and other assets,2009,2009-12-31,2226.0
Balance Sheet,Prepaid expenses and other assets,2010,2010-12-31,3162.0
Balance Sheet,Prepaid expenses and other assets,2011,2011-12-31,3450.0
Balance Sheet,Prepaid expenses and other assets,2012,2012-12-31,2781.0
Balance Sheet,Prepaid expenses and other assets,2013,2013-12-31,2886.0
Balance Sheet,Prepaid expenses and other assets,2014,2014-12-31,3066.0
Balance Sheet,Prepaid expenses and other assets,2015,2015-12-31,2752.0
Balance Sheet,Prepaid expenses and other assets,2016,2016-12-31,2481.0
Balance Sheet,Prepaid expenses and other assets,2017,2017-12-31,2000.0
Balance Sheet,Prepaid expenses and other assets,2018,2018-12-31,1962.0
Balance Sheet,Assets held for sale,2009,2009-12-31,
Balance Sheet,Assets held for sale,2010,2010-12-31,
Balance Sheet,Assets held for sale,2011,2011-12-31,0.0
Balance Sheet,Assets held for sale,2012,2012-12-31,2973.0
Balance Sheet,Assets held for sale,2013,2013-12-31,0.0
Balance Sheet,Assets held for sale,2014,2014-12-31,679.0
Balance Sheet,Assets held for sale,2015,2015-12-31,3900.0
Balance Sheet,Assets held for sale,2016,2016-12-31,0.0
Balance Sheet,Assets held for sale,2017,2017-12-31,7329.0
Balance Sheet,Assets held for sale,2018,2018-12-31,6546.0
Balance Sheet,Assets held for sale,2009,2009-12-31,
Balance Sheet,Assets held for sale,2010,2010-12-31,
Balance Sheet,Assets held for sale,2011,2011-12-31,
Balance Sheet,Assets held for sale,2012,2012-12-31,
Balance Sheet,Assets held for sale,2013,2013-12-31,
Balance Sheet,Assets held for sale,2014,2014-12-31,
Balance Sheet,Assets held for sale,2015,2015-12-31,
Balance Sheet,Assets held for sale,2016,2016-12-31,2797.0
Balance Sheet,Assets held for sale,2017,2017-12-31,219.0
Balance Sheet,Assets held for sale,2018,2018-12-31,0.0
Balance Sheet,Total current assets,2009,2009-12-31,17551.0
Balance Sheet,Total current assets,2010,2010-12-31,21579.0
Balance Sheet,Total current assets,2011,2011-12-31,25497.0
Balance Sheet,Total current assets,2012,2012-12-31,30328.0
Balance Sheet,Total current assets,2013,2013-12-31,31304.0
Balance Sheet,Total current assets,2014,2014-12-31,32986.0
Balance Sheet,Total current assets,2015,2015-12-31,33395.0
Balance Sheet,Total current assets,2016,2016-12-31,34010.0
Balance Sheet,Total current assets,2017,2017-12-31,36545.0
Balance Sheet,Total current assets,2018,2018-12-31,30634.0
Balance Sheet,Equity method investments,2009,2009-12-31,6217.0
Balance Sheet,Equity method investments,2010,2010-12-31,6954.0
Balance Sheet,Equity method investments,2011,2011-12-31,7233.0
Balance Sheet,Equity method investments,2012,2012-12-31,9216.0
Balance Sheet,Equity method investments,2013,2013-12-31,10393.0
Balance Sheet,Equity method investments,2014,2014-12-31,9947.0
Balance Sheet,Equity method investments,2015,2015-12-31,12318.0
Balance Sheet,Equity method investments,2016,2016-12-31,16260.0
Balance Sheet,Equity method investments,2017,2017-12-31,20856.0
Balance Sheet,Equity method investments,2018,2018-12-31,19407.0
Balance Sheet,Other investments,2009,2009-12-31,538.0
Balance Sheet,Other investments,2010,2010-12-31,631.0
Balance Sheet,Other investments,2011,2011-12-31,1141.0
Balance Sheet,Other investments,2012,2012-12-31,1232.0
Balance Sheet,Other investments,2013,2013-12-31,1119.0
Balance Sheet,Other investments,2014,2014-12-31,3678.0
Balance Sheet,Other investments,2015,2015-12-31,3470.0
Balance Sheet,Other investments,2016,2016-12-31,989.0
Balance Sheet,Other investments,2017,2017-12-31,1096.0
Balance Sheet,Other investments,2018,2018-12-31,867.0
Balance Sheet,Other assets,2009,2009-12-31,1976.0
Balance Sheet,Other assets,2010,2010-12-31,2121.0
Balance Sheet,Other assets,2011,2011-12-31,3495.0
Balance Sheet,Other assets,2012,2012-12-31,3585.0
Balance Sheet,Other assets,2013,2013-12-31,4661.0
Balance Sheet,Other assets,2014,2014-12-31,4407.0
Balance Sheet,Other assets,2015,2015-12-31,4110.0
Balance Sheet,Other assets,2016,2016-12-31,4248.0
Balance Sheet,Other assets,2017,2017-12-31,4230.0
Balance Sheet,Other assets,2018,2018-12-31,4139.0
Balance Sheet,"Property, plant and equipment - net",2009,2009-12-31,9561.0
Balance Sheet,"Property, plant and equipment - net",2010,2010-12-31,14727.0
Balance Sheet,"Property, plant and equipment - net",2011,2011-12-31,14939.0
Balance Sheet,"Property, plant and equipment - net",2012,2012-12-31,14476.0
Balance Sheet,"Property, plant and equipment - net",2013,2013-12-31,14967.0
Balance Sheet,"Property, plant and equipment - net",2014,2014-12-31,14633.0
Balance Sheet,"Property, plant and equipment - net",2015,2015-12-31,12571.0
Balance Sheet,"Property, plant and equipment - net",2016,2016-12-31,10635.0
Balance Sheet,"Property, plant and equipment - net",2017,2017-12-31,8203.0
Balance Sheet,"Property, plant and equipment - net",2018,2018-12-31,8232.0
Balance Sheet,Deferred income tax assets,2009,2009-12-31,
Balance Sheet,Deferred income tax assets,2010,2010-12-31,
Balance Sheet,Deferred income tax assets,2011,2011-12-31,
Balance Sheet,Deferred income tax assets,2012,2012-12-31,
Balance Sheet,Deferred income tax assets,2013,2013-12-31,
Balance Sheet,Deferred income tax assets,2014,2014-12-31,
Balance Sheet,Deferred income tax assets,2015,2015-12-31,
Balance Sheet,Deferred income tax assets,2016,2016-12-31,
Balance Sheet,Deferred income tax assets,2017,2017-12-31,330.0
Balance Sheet,Deferred income tax assets,2018,2018-12-31,2667.0
Balance Sheet,TRADEMARKS WITH INDEFINITE LIVES,2009,2009-12-31,6183.0
Balance Sheet,TRADEMARKS WITH INDEFINITE LIVES,2010,2010-12-31,6356.0
Balance Sheet,TRADEMARKS WITH INDEFINITE LIVES,2011,2011-12-31,6430.0
Balance Sheet,TRADEMARKS WITH INDEFINITE LIVES,2012,2012-12-31,6527.0
Balance Sheet,TRADEMARKS WITH INDEFINITE LIVES,2013,2013-12-31,6744.0
Balance Sheet,TRADEMARKS WITH INDEFINITE LIVES,2014,2014-12-31,6533.0
Balance Sheet,TRADEMARKS WITH INDEFINITE LIVES,2015,2015-12-31,5989.0
Balance Sheet,TRADEMARKS WITH INDEFINITE LIVES,2016,2016-12-31,6097.0
Balance Sheet,TRADEMARKS WITH INDEFINITE LIVES,2017,2017-12-31,6729.0
Balance Sheet,TRADEMARKS WITH INDEFINITE LIVES,2018,2018-12-31,6682.0
Balance Sheet,BOTTLERS' FRANCHISE RIGHTS WITH INDEFINITE LIVES,2009,2009-12-31,1953.0
Balance Sheet,BOTTLERS' FRANCHISE RIGHTS WITH INDEFINITE LIVES,2010,2010-12-31,7511.0
Balance Sheet,BOTTLERS' FRANCHISE RIGHTS WITH INDEFINITE LIVES,2011,2011-12-31,7770.0
Balance Sheet,BOTTLERS' FRANCHISE RIGHTS WITH INDEFINITE LIVES,2012,2012-12-31,7405.0
Balance Sheet,BOTTLERS' FRANCHISE RIGHTS WITH INDEFINITE LIVES,2013,2013-12-31,7415.0
Balance Sheet,BOTTLERS' FRANCHISE RIGHTS WITH INDEFINITE LIVES,2014,2014-12-31,6689.0
Balance Sheet,BOTTLERS' FRANCHISE RIGHTS WITH INDEFINITE LIVES,2015,2015-12-31,6000.0
Balance Sheet,BOTTLERS' FRANCHISE RIGHTS WITH INDEFINITE LIVES,2016,2016-12-31,3676.0
Balance Sheet,BOTTLERS' FRANCHISE RIGHTS WITH INDEFINITE LIVES,2017,2017-12-31,138.0
Balance Sheet,BOTTLERS' FRANCHISE RIGHTS WITH INDEFINITE LIVES,2018,2018-12-31,51.0
Balance Sheet,Goodwill,2009,2009-12-31,4224.0
Balance Sheet,Goodwill,2010,2010-12-31,11665.0
Balance Sheet,Goodwill,2011,2011-12-31,12219.0
Balance Sheet,Goodwill,2012,2012-12-31,12255.0
Balance Sheet,Goodwill,2013,2013-12-31,12312.0
Balance Sheet,Goodwill,2014,2014-12-31,12100.0
Balance Sheet,Goodwill,2015,2015-12-31,11289.0
Balance Sheet,Goodwill,2016,2016-12-31,10629.0
Balance Sheet,Goodwill,2017,2017-12-31,9401.0
Balance Sheet,Goodwill,2018,2018-12-31,10263.0
Balance Sheet,Other intangible assets,2009,2009-12-31,468.0
Balance Sheet,Other intangible assets,2010,2010-12-31,1377.0
Balance Sheet,Other intangible assets,2011,2011-12-31,1250.0
Balance Sheet,Other intangible assets,2012,2012-12-31,1150.0
Balance Sheet,Other intangible assets,2013,2013-12-31,1140.0
Balance Sheet,Other intangible assets,2014,2014-12-31,1050.0
Balance Sheet,Other intangible assets,2015,2015-12-31,854.0
Balance Sheet,Other intangible assets,2016,2016-12-31,726.0
Balance Sheet,Other intangible assets,2017,2017-12-31,368.0
Balance Sheet,Other intangible assets,2018,2018-12-31,274.0
Balance Sheet,Total assets,2009,2009-12-31,48671.0
Balance Sheet,Total assets,2010,2010-12-31,72921.0
Balance Sheet,Total assets,2011,2011-12-31,79974.0
Balance Sheet,Total assets,2012,2012-12-31,86174.0
Balance Sheet,Total assets,2013,2013-12-31,90055.0
Balance Sheet,Total assets,2014,2014-12-31,92023.0
Balance Sheet,Total assets,2015,2015-12-31,89996.0
Balance Sheet,Total assets,2016,2016-12-31,87270.0
Balance Sheet,Total assets,2017,2017-12-31,87896.0
Balance Sheet,Total assets,2018,2018-12-31,83216.0
Balance Sheet,Liabilities,2009,2009-12-31,
Balance Sheet,Liabilities,2010,2010-12-31,
Balance Sheet,Liabilities,2011,2011-12-31,
Balance Sheet,Liabilities,2012,2012-12-31,
Balance Sheet,Liabilities,2013,2013-12-31,
Balance Sheet,Liabilities,2014,2014-12-31,
Balance Sheet,Liabilities,2015,2015-12-31,
Balance Sheet,Liabilities,2016,2016-12-31,
Balance Sheet,Liabilities,2017,2017-12-31,
Balance Sheet,Liabilities,2018,2018-12-31,
Balance Sheet,Accounts payable and accrued expenses,2009,2009-12-31,6657.0
Balance Sheet,Accounts payable and accrued expenses,2010,2010-12-31,8859.0
Balance Sheet,Accounts payable and accrued expenses,2011,2011-12-31,9009.0
Balance Sheet,Accounts payable and accrued expenses,2012,2012-12-31,8680.0
Balance Sheet,Accounts payable and accrued expenses,2013,2013-12-31,9577.0
Balance Sheet,Accounts payable and accrued expenses,2014,2014-12-31,9234.0
Balance Sheet,Accounts payable and accrued expenses,2015,2015-12-31,9660.0
Balance Sheet,Accounts payable and accrued expenses,2016,2016-12-31,9490.0
Balance Sheet,Accounts payable and accrued expenses,2017,2017-12-31,8748.0
Balance Sheet,Accounts payable and accrued expenses,2018,2018-12-31,8932.0
Balance Sheet,Loans and notes payable,2009,2009-12-31,6749.0
Balance Sheet,Loans and notes payable,2010,2010-12-31,8100.0
Balance Sheet,Loans and notes payable,2011,2011-12-31,12871.0
Balance Sheet,Loans and notes payable,2012,2012-12-31,16297.0
Balance Sheet,Loans and notes payable,2013,2013-12-31,16901.0
Balance Sheet,Loans and notes payable,2014,2014-12-31,19130.0
Balance Sheet,Loans and notes payable,2015,2015-12-31,13129.0
Balance Sheet,Loans and notes payable,2016,2016-12-31,12498.0
Balance Sheet,Loans and notes payable,2017,2017-12-31,13205.0
Balance Sheet,Loans and notes payable,2018,2018-12-31,13194.0
Balance Sheet,Current maturities of long-term debt,2009,2009-12-31,51.0
Balance Sheet,Current maturities of long-term debt,2010,2010-12-31,1276.0
Balance Sheet,Current maturities of long-term debt,2011,2011-12-31,2041.0
Balance Sheet,Current maturities of long-term debt,2012,2012-12-31,1577.0
Balance Sheet,Current maturities of long-term debt,2013,2013-12-31,1024.0
Balance Sheet,Current maturities of long-term debt,2014,2014-12-31,3552.0
Balance Sheet,Current maturities of long-term debt,2015,2015-12-31,2676.0
Balance Sheet,Current maturities of long-term debt,2016,2016-12-31,3527.0
Balance Sheet,Current maturities of long-term debt,2017,2017-12-31,3298.0
Balance Sheet,Current maturities of long-term debt,2018,2018-12-31,4997.0
Balance Sheet,Accrued income taxes,2009,2009-12-31,264.0
Balance Sheet,Accrued income taxes,2010,2010-12-31,273.0
Balance Sheet,Accrued income taxes,2011,2011-12-31,362.0
Balance Sheet,Accrued income taxes,2012,2012-12-31,471.0
Balance Sheet,Accrued income taxes,2013,2013-12-31,309.0
Balance Sheet,Accrued income taxes,2014,2014-12-31,400.0
Balance Sheet,Accrued income taxes,2015,2015-12-31,331.0
Balance Sheet,Accrued income taxes,2016,2016-12-31,307.0
Balance Sheet,Accrued income taxes,2017,2017-12-31,410.0
Balance Sheet,Accrued income taxes,2018,2018-12-31,378.0
Balance Sheet,Liabilities held for sale,2009,2009-12-31,
Balance Sheet,Liabilities held for sale,2010,2010-12-31,
Balance Sheet,Liabilities held for sale,2011,2011-12-31,0.0
Balance Sheet,Liabilities held for sale,2012,2012-12-31,796.0
Balance Sheet,Liabilities held for sale,2013,2013-12-31,0.0
Balance Sheet,Liabilities held for sale,2014,2014-12-31,58.0
Balance Sheet,Liabilities held for sale,2015,2015-12-31,1133.0
Balance Sheet,Liabilities held for sale,2016,2016-12-31,710.0
Balance Sheet,Liabilities held for sale,2017,2017-12-31,37.0
Balance Sheet,Liabilities held for sale,2018,2018-12-31,0.0
Balance Sheet,"Liabilities Held for Sale, Discontinued Operations",2009,2009-12-31,
Balance Sheet,"Liabilities Held for Sale, Discontinued Operations",2010,2010-12-31,
Balance Sheet,"Liabilities Held for Sale, Discontinued Operations",2011,2011-12-31,
Balance Sheet,"Liabilities Held for Sale, Discontinued Operations",2012,2012-12-31,
Balance Sheet,"Liabilities Held for Sale, Discontinued Operations",2013,2013-12-31,
Balance Sheet,"Liabilities Held for Sale, Discontinued Operations",2014,2014-12-31,
Balance Sheet,"Liabilities Held for Sale, Discontinued Operations",2015,2015-12-31,
Balance Sheet,"Liabilities Held for Sale, Discontinued Operations",2016,2016-12-31,0.0
Balance Sheet,"Liabilities Held for Sale, Discontinued Operations",2017,2017-12-31,1496.0
Balance Sheet,"Liabilities Held for Sale, Discontinued Operations",2018,2018-12-31,1722.0
Balance Sheet,Total current liabilities,2009,2009-12-31,13721.0
Balance Sheet,Total current liabilities,2010,2010-12-31,18508.0
Balance Sheet,Total current liabilities,2011,2011-12-31,24283.0
Balance Sheet,Total current liabilities,2012,2012-12-31,27821.0
Balance Sheet,Total current liabilities,2013,2013-12-31,27811.0
Balance Sheet,Total current liabilities,2014,2014-12-31,32374.0
Balance Sheet,Total current liabilities,2015,2015-12-31,26929.0
Balance Sheet,Total current liabilities,2016,2016-12-31,26532.0
Balance Sheet,Total current liabilities,2017,2017-12-31,27194.0
Balance Sheet,Total current liabilities,2018,2018-12-31,29223.0
Balance Sheet,Long-term debt,2009,2009-12-31,5059.0
Balance Sheet,Long-term debt,2010,2010-12-31,14041.0
Balance Sheet,Long-term debt,2011,2011-12-31,13656.0
Balance Sheet,Long-term debt,2012,2012-12-31,14736.0
Balance Sheet,Long-term debt,2013,2013-12-31,19154.0
Balance Sheet,Long-term debt,2014,2014-12-31,19063.0
Balance Sheet,Long-term debt,2015,2015-12-31,28311.0
Balance Sheet,Long-term debt,2016,2016-12-31,29684.0
Balance Sheet,Long-term debt,2017,2017-12-31,31182.0
Balance Sheet,Long-term debt,2018,2018-12-31,25364.0
Balance Sheet,Other liabilities,2009,2009-12-31,2965.0
Balance Sheet,Other liabilities,2010,2010-12-31,4794.0
Balance Sheet,Other liabilities,2011,2011-12-31,5420.0
Balance Sheet,Other liabilities,2012,2012-12-31,5468.0
Balance Sheet,Other liabilities,2013,2013-12-31,3498.0
Balance Sheet,Other liabilities,2014,2014-12-31,4389.0
Balance Sheet,Other liabilities,2015,2015-12-31,4301.0
Balance Sheet,Other liabilities,2016,2016-12-31,4081.0
Balance Sheet,Other liabilities,2017,2017-12-31,8021.0
Balance Sheet,Other liabilities,2018,2018-12-31,7638.0
Balance Sheet,Deferred income taxes,2009,2009-12-31,1580.0
Balance Sheet,Deferred income taxes,2010,2010-12-31,4261.0
Balance Sheet,Deferred income taxes,2011,2011-12-31,4694.0
Balance Sheet,Deferred income taxes,2012,2012-12-31,4981.0
Balance Sheet,Deferred income taxes,2013,2013-12-31,6152.0
Balance Sheet,Deferred income taxes,2014,2014-12-31,5636.0
Balance Sheet,Deferred income taxes,2015,2015-12-31,4691.0
Balance Sheet,Deferred income taxes,2016,2016-12-31,3753.0
Balance Sheet,Deferred income taxes,2017,2017-12-31,2522.0
Balance Sheet,Deferred income taxes,2018,2018-12-31,1933.0
Balance Sheet,Common stock,2009,2009-12-31,880.0
Balance Sheet,Common stock,2010,2010-12-31,880.0
Balance Sheet,Common stock,2011,2011-12-31,1760.0
Balance Sheet,Common stock,2012,2012-12-31,1760.0
Balance Sheet,Common stock,2013,2013-12-31,1760.0
Balance Sheet,Common stock,2014,2014-12-31,1760.0
Balance Sheet,Common stock,2015,2015-12-31,1760.0
Balance Sheet,Common stock,2016,2016-12-31,1760.0
Balance Sheet,Common stock,2017,2017-12-31,1760.0
Balance Sheet,Common stock,2018,2018-12-31,1760.0
Balance Sheet,Capital surplus,2009,2009-12-31,8537.0
Balance Sheet,Capital surplus,2010,2010-12-31,10057.0
Balance Sheet,Capital surplus,2011,2011-12-31,10332.0
Balance Sheet,Capital surplus,2012,2012-12-31,11379.0
Balance Sheet,Capital surplus,2013,2013-12-31,12276.0
Balance Sheet,Capital surplus,2014,2014-12-31,13154.0
Balance Sheet,Capital surplus,2015,2015-12-31,14016.0
Balance Sheet,Capital surplus,2016,2016-12-31,14993.0
Balance Sheet,Capital surplus,2017,2017-12-31,15864.0
Balance Sheet,Capital surplus,2018,2018-12-31,16520.0
Balance Sheet,Reinvested earnings,2009,2009-12-31,41537.0
Balance Sheet,Reinvested earnings,2010,2010-12-31,49278.0
Balance Sheet,Reinvested earnings,2011,2011-12-31,53621.0
Balance Sheet,Reinvested earnings,2012,2012-12-31,58045.0
Balance Sheet,Reinvested earnings,2013,2013-12-31,61660.0
Balance Sheet,Reinvested earnings,2014,2014-12-31,63408.0
Balance Sheet,Reinvested earnings,2015,2015-12-31,65018.0
Balance Sheet,Reinvested earnings,2016,2016-12-31,65502.0
Balance Sheet,Reinvested earnings,2017,2017-12-31,60430.0
Balance Sheet,Reinvested earnings,2018,2018-12-31,63234.0
Balance Sheet,Accumulated other comprehensive income (loss),2009,2009-12-31,-757.0
Balance Sheet,Accumulated other comprehensive income (loss),2010,2010-12-31,-1450.0
Balance Sheet,Accumulated other comprehensive income (loss),2011,2011-12-31,-2774.0
Balance Sheet,Accumulated other comprehensive income (loss),2012,2012-12-31,-3385.0
Balance Sheet,Accumulated other comprehensive income (loss),2013,2013-12-31,-3432.0
Balance Sheet,Accumulated other comprehensive income (loss),2014,2014-12-31,-5777.0
Balance Sheet,Accumulated other comprehensive income (loss),2015,2015-12-31,-10174.0
Balance Sheet,Accumulated other comprehensive income (loss),2016,2016-12-31,-11205.0
Balance Sheet,Accumulated other comprehensive income (loss),2017,2017-12-31,-10305.0
Balance Sheet,Accumulated other comprehensive income (loss),2018,2018-12-31,-12814.0
Balance Sheet,"Treasury stock, at cost",2009,2009-12-31,-25398.0
Balance Sheet,"Treasury stock, at cost",2010,2010-12-31,-27762.0
Balance Sheet,"Treasury stock, at cost",2011,2011-12-31,-31304.0
Balance Sheet,"Treasury stock, at cost",2012,2012-12-31,-35009.0
Balance Sheet,"Treasury stock, at cost",2013,2013-12-31,-39091.0
Balance Sheet,"Treasury stock, at cost",2014,2014-12-31,-42225.0
Balance Sheet,"Treasury stock, at cost",2015,2015-12-31,-45066.0
Balance Sheet,"Treasury stock, at cost",2016,2016-12-31,-47988.0
Balance Sheet,"Treasury stock, at cost",2017,2017-12-31,-50677.0
Balance Sheet,"Treasury stock, at cost",2018,2018-12-31,-51719.0
Balance Sheet,EQUITY ATTRIBUTABLE TO SHAREOWNERS OF THE COCA-COLA COMPANY,2009,2009-12-31,24799.0
Balance Sheet,EQUITY ATTRIBUTABLE TO SHAREOWNERS OF THE COCA-COLA COMPANY,2010,2010-12-31,31003.0
Balance Sheet,EQUITY ATTRIBUTABLE TO SHAREOWNERS OF THE COCA-COLA COMPANY,2011,2011-12-31,31635.0
Balance Sheet,EQUITY ATTRIBUTABLE TO SHAREOWNERS OF THE COCA-COLA COMPANY,2012,2012-12-31,32790.0
Balance Sheet,EQUITY ATTRIBUTABLE TO SHAREOWNERS OF THE COCA-COLA COMPANY,2013,2013-12-31,33173.0
Balance Sheet,EQUITY ATTRIBUTABLE TO SHAREOWNERS OF THE COCA-COLA COMPANY,2014,2014-12-31,30320.0
Balance Sheet,EQUITY ATTRIBUTABLE TO SHAREOWNERS OF THE COCA-COLA COMPANY,2015,2015-12-31,25554.0
Balance Sheet,EQUITY ATTRIBUTABLE TO SHAREOWNERS OF THE COCA-COLA COMPANY,2016,2016-12-31,23062.0
Balance Sheet,EQUITY ATTRIBUTABLE TO SHAREOWNERS OF THE COCA-COLA COMPANY,2017,2017-12-31,17072.0
Balance Sheet,EQUITY ATTRIBUTABLE TO SHAREOWNERS OF THE COCA-COLA COMPANY,2018,2018-12-31,16981.0
Balance Sheet,Equity attributable to noncontrolling interests,2009,2009-12-31,547.0
Balance Sheet,Equity attributable to noncontrolling interests,2010,2010-12-31,314.0
Balance Sheet,Equity attributable to noncontrolling interests,2011,2011-12-31,286.0
Balance Sheet,Equity attributable to noncontrolling interests,2012,2012-12-31,378.0
Balance Sheet,Equity attributable to noncontrolling interests,2013,2013-12-31,267.0
Balance Sheet,Equity attributable to noncontrolling interests,2014,2014-12-31,241.0
Balance Sheet,Equity attributable to noncontrolling interests,2015,2015-12-31,210.0
Balance Sheet,Equity attributable to noncontrolling interests,2016,2016-12-31,158.0
Balance Sheet,Equity attributable to noncontrolling interests,2017,2017-12-31,1905.0
Balance Sheet,Equity attributable to noncontrolling interests,2018,2018-12-31,2077.0
Balance Sheet,Total equity,2009,2009-12-31,25346.0
Balance Sheet,Total equity,2010,2010-12-31,31317.0
Balance Sheet,Total equity,2011,2011-12-31,31921.0
Balance Sheet,Total equity,2012,2012-12-31,33168.0
Balance Sheet,Total equity,2013,2013-12-31,33440.0
Balance Sheet,Total equity,2014,2014-12-31,30561.0
Balance Sheet,Total equity,2015,2015-12-31,25764.0
Balance Sheet,Total equity,2016,2016-12-31,23220.0
Balance Sheet,Total equity,2017,2017-12-31,18977.0
Balance Sheet,Total equity,2018,2018-12-31,19058.0
Balance Sheet,Total liabilities and equity,2009,2009-12-31,48671.0
Balance Sheet,Total liabilities and equity,2010,2010-12-31,72921.0
Balance Sheet,Total liabilities and equity,2011,2011-12-31,79974.0
Balance Sheet,Total liabilities and equity,2012,2012-12-31,86174.0
Balance Sheet,Total liabilities and equity,2013,2013-12-31,90055.0
Balance Sheet,Total liabilities and equity,2014,2014-12-31,92023.0
Balance Sheet,Total liabilities and equity,2015,2015-12-31,89996.0
Balance Sheet,Total liabilities and equity,2016,2016-12-31,87270.0
Balance Sheet,Total liabilities and equity,2017,2017-12-31,87896.0
Balance Sheet,Total liabilities and equity,2018,2018-12-31,83216.0
Cash Flow statement,CONSOLIDATED NET INCOME,2009,2009-12-31,6906.0
Cash Flow statement,CONSOLIDATED NET INCOME,2010,2010-12-31,11837.0
Cash Flow statement,CONSOLIDATED NET INCOME,2011,2011-12-31,8646.0
Cash Flow statement,CONSOLIDATED NET INCOME,2012,2012-12-31,9086.0
Cash Flow statement,CONSOLIDATED NET INCOME,2013,2013-12-31,8626.0
Cash Flow statement,CONSOLIDATED NET INCOME,2014,2014-12-31,7124.0
Cash Flow statement,CONSOLIDATED NET INCOME,2015,2015-12-31,7366.0
Cash Flow statement,CONSOLIDATED NET INCOME,2016,2016-12-31,6550.0
Cash Flow statement,CONSOLIDATED NET INCOME,2017,2017-12-31,1283.0
Cash Flow statement,CONSOLIDATED NET INCOME,2018,2018-12-31,6476.0
Cash Flow statement,Depreciation and amortization,2009,2009-12-31,1236.0
Cash Flow statement,Depreciation and amortization,2010,2010-12-31,1443.0
Cash Flow statement,Depreciation and amortization,2011,2011-12-31,1954.0
Cash Flow statement,Depreciation and amortization,2012,2012-12-31,1982.0
Cash Flow statement,Depreciation and amortization,2013,2013-12-31,1977.0
Cash Flow statement,Depreciation and amortization,2014,2014-12-31,1976.0
Cash Flow statement,Depreciation and amortization,2015,2015-12-31,1970.0
Cash Flow statement,Depreciation and amortization,2016,2016-12-31,1787.0
Cash Flow statement,Depreciation and amortization,2017,2017-12-31,1260.0
Cash Flow statement,Depreciation and amortization,2018,2018-12-31,1086.0
Cash Flow statement,(Income) Loss from discontinued operations,2009,2009-12-31,
Cash Flow statement,(Income) Loss from discontinued operations,2010,2010-12-31,
Cash Flow statement,(Income) Loss from discontinued operations,2011,2011-12-31,
Cash Flow statement,(Income) Loss from discontinued operations,2012,2012-12-31,
Cash Flow statement,(Income) Loss from discontinued operations,2013,2013-12-31,
Cash Flow statement,(Income) Loss from discontinued operations,2014,2014-12-31,
Cash Flow statement,(Income) Loss from discontinued operations,2015,2015-12-31,0.0
Cash Flow statement,(Income) Loss from discontinued operations,2016,2016-12-31,0.0
Cash Flow statement,(Income) Loss from discontinued operations,2017,2017-12-31,-101.0
Cash Flow statement,(Income) Loss from discontinued operations,2018,2018-12-31,251.0
Cash Flow statement,Net income from continuing operations,2009,2009-12-31,
Cash Flow statement,Net income from continuing operations,2010,2010-12-31,
Cash Flow statement,Net income from continuing operations,2011,2011-12-31,
Cash Flow statement,Net income from continuing operations,2012,2012-12-31,
Cash Flow statement,Net income from continuing operations,2013,2013-12-31,
Cash Flow statement,Net income from continuing operations,2014,2014-12-31,
Cash Flow statement,Net income from continuing operations,2015,2015-12-31,7366.0
Cash Flow statement,Net income from continuing operations,2016,2016-12-31,6550.0
Cash Flow statement,Net income from continuing operations,2017,2017-12-31,1182.0
Cash Flow statement,Net income from continuing operations,2018,2018-12-31,6727.0
Cash Flow statement,Stock-based compensation expense,2009,2009-12-31,241.0
Cash Flow statement,Stock-based compensation expense,2010,2010-12-31,380.0
Cash Flow statement,Stock-based compensation expense,2011,2011-12-31,354.0
Cash Flow statement,Stock-based compensation expense,2012,2012-12-31,259.0
Cash Flow statement,Stock-based compensation expense,2013,2013-12-31,227.0
Cash Flow statement,Stock-based compensation expense,2014,2014-12-31,209.0
Cash Flow statement,Stock-based compensation expense,2015,2015-12-31,236.0
Cash Flow statement,Stock-based compensation expense,2016,2016-12-31,258.0
Cash Flow statement,Stock-based compensation expense,2017,2017-12-31,219.0
Cash Flow statement,Stock-based compensation expense,2018,2018-12-31,225.0
Cash Flow statement,Deferred income taxes,2009,2009-12-31,353.0
Cash Flow statement,Deferred income taxes,2010,2010-12-31,604.0
Cash Flow statement,Deferred income taxes,2011,2011-12-31,1035.0
Cash Flow statement,Deferred income taxes,2012,2012-12-31,632.0
Cash Flow statement,Deferred income taxes,2013,2013-12-31,648.0
Cash Flow statement,Deferred income taxes,2014,2014-12-31,-40.0
Cash Flow statement,Deferred income taxes,2015,2015-12-31,73.0
Cash Flow statement,Deferred income taxes,2016,2016-12-31,-856.0
Cash Flow statement,Deferred income taxes,2017,2017-12-31,-1256.0
Cash Flow statement,Deferred income taxes,2018,2018-12-31,-450.0
Cash Flow statement,Equity (income) loss - net of dividends,2009,2009-12-31,-359.0
Cash Flow statement,Equity (income) loss - net of dividends,2010,2010-12-31,-671.0
Cash Flow statement,Equity (income) loss - net of dividends,2011,2011-12-31,-269.0
Cash Flow statement,Equity (income) loss - net of dividends,2012,2012-12-31,-426.0
Cash Flow statement,Equity (income) loss - net of dividends,2013,2013-12-31,-201.0
Cash Flow statement,Equity (income) loss - net of dividends,2014,2014-12-31,-371.0
Cash Flow statement,Equity (income) loss - net of dividends,2015,2015-12-31,-122.0
Cash Flow statement,Equity (income) loss - net of dividends,2016,2016-12-31,-449.0
Cash Flow statement,Equity (income) loss - net of dividends,2017,2017-12-31,-628.0
Cash Flow statement,Equity (income) loss - net of dividends,2018,2018-12-31,-457.0
Cash Flow statement,Foreign currency adjustments,2009,2009-12-31,61.0
Cash Flow statement,Foreign currency adjustments,2010,2010-12-31,151.0
Cash Flow statement,Foreign currency adjustments,2011,2011-12-31,7.0
Cash Flow statement,Foreign currency adjustments,2012,2012-12-31,-130.0
Cash Flow statement,Foreign currency adjustments,2013,2013-12-31,168.0
Cash Flow statement,Foreign currency adjustments,2014,2014-12-31,415.0
Cash Flow statement,Foreign currency adjustments,2015,2015-12-31,-137.0
Cash Flow statement,Foreign currency adjustments,2016,2016-12-31,158.0
Cash Flow statement,Foreign currency adjustments,2017,2017-12-31,281.0
Cash Flow statement,Foreign currency adjustments,2018,2018-12-31,-38.0
Cash Flow statement,Significant (gains) losses on sales of assets - net,2009,2009-12-31,-43.0
Cash Flow statement,Significant (gains) losses on sales of assets - net,2010,2010-12-31,-645.0
Cash Flow statement,Significant (gains) losses on sales of assets - net,2011,2011-12-31,-220.0
Cash Flow statement,Significant (gains) losses on sales of assets - net,2012,2012-12-31,-98.0
Cash Flow statement,Significant (gains) losses on sales of assets - net,2013,2013-12-31,-670.0
Cash Flow statement,Significant (gains) losses on sales of assets - net,2014,2014-12-31,831.0
Cash Flow statement,Significant (gains) losses on sales of assets - net,2015,2015-12-31,-374.0
Cash Flow statement,Significant (gains) losses on sales of assets - net,2016,2016-12-31,1146.0
Cash Flow statement,Significant (gains) losses on sales of assets - net,2017,2017-12-31,1459.0
Cash Flow statement,Significant (gains) losses on sales of assets - net,2018,2018-12-31,189.0
Cash Flow statement,Other significant (gains) losses - net,2009,2009-12-31,0.0
Cash Flow statement,Other significant (gains) losses - net,2010,2010-12-31,-4713.0
Cash Flow statement,Other significant (gains) losses - net,2011,2011-12-31,
Cash Flow statement,Other significant (gains) losses - net,2012,2012-12-31,
Cash Flow statement,Other significant (gains) losses - net,2013,2013-12-31,
Cash Flow statement,Other significant (gains) losses - net,2014,2014-12-31,
Cash Flow statement,Other significant (gains) losses - net,2015,2015-12-31,
Cash Flow statement,Other significant (gains) losses - net,2016,2016-12-31,
Cash Flow statement,Other significant (gains) losses - net,2017,2017-12-31,
Cash Flow statement,Other significant (gains) losses - net,2018,2018-12-31,
Cash Flow statement,Other operating charges,2009,2009-12-31,134.0
Cash Flow statement,Other operating charges,2010,2010-12-31,264.0
Cash Flow statement,Other operating charges,2011,2011-12-31,214.0
Cash Flow statement,Other operating charges,2012,2012-12-31,166.0
Cash Flow statement,Other operating charges,2013,2013-12-31,465.0
Cash Flow statement,Other operating charges,2014,2014-12-31,761.0
Cash Flow statement,Other operating charges,2015,2015-12-31,929.0
Cash Flow statement,Other operating charges,2016,2016-12-31,647.0
Cash Flow statement,Other operating charges,2017,2017-12-31,1218.0
Cash Flow statement,Other operating charges,2018,2018-12-31,558.0
Cash Flow statement,Other items,2009,2009-12-31,221.0
Cash Flow statement,Other items,2010,2010-12-31,512.0
Cash Flow statement,Other items,2011,2011-12-31,-354.0
Cash Flow statement,Other items,2012,2012-12-31,254.0
Cash Flow statement,Other items,2013,2013-12-31,234.0
Cash Flow statement,Other items,2014,2014-12-31,149.0
Cash Flow statement,Other items,2015,2015-12-31,744.0
Cash Flow statement,Other items,2016,2016-12-31,-224.0
Cash Flow statement,Other items,2017,2017-12-31,-269.0
Cash Flow statement,Other items,2018,2018-12-31,682.0
Cash Flow statement,Net change in operating assets and liabilities,2009,2009-12-31,-564.0
Cash Flow statement,Net change in operating assets and liabilities,2010,2010-12-31,370.0
Cash Flow statement,Net change in operating assets and liabilities,2011,2011-12-31,-1893.0
Cash Flow statement,Net change in operating assets and liabilities,2012,2012-12-31,-1080.0
Cash Flow statement,Net change in operating assets and liabilities,2013,2013-12-31,-932.0
Cash Flow statement,Net change in operating assets and liabilities,2014,2014-12-31,-439.0
Cash Flow statement,Net change in operating assets and liabilities,2015,2015-12-31,-157.0
Cash Flow statement,Net change in operating assets and liabilities,2016,2016-12-31,-221.0
Cash Flow statement,Net change in operating assets and liabilities,2017,2017-12-31,3464.0
Cash Flow statement,Net change in operating assets and liabilities,2018,2018-12-31,-1202.0
Cash Flow statement,Net cash provided by operating activities,2009,2009-12-31,8186.0
Cash Flow statement,Net cash provided by operating activities,2010,2010-12-31,9532.0
Cash Flow statement,Net cash provided by operating activities,2011,2011-12-31,9474.0
Cash Flow statement,Net cash provided by operating activities,2012,2012-12-31,10645.0
Cash Flow statement,Net cash provided by operating activities,2013,2013-12-31,10542.0
Cash Flow statement,Net cash provided by operating activities,2014,2014-12-31,10615.0
Cash Flow statement,Net cash provided by operating activities,2015,2015-12-31,10528.0
Cash Flow statement,Net cash provided by operating activities,2016,2016-12-31,8796.0
Cash Flow statement,Net cash provided by operating activities,2017,2017-12-31,6930.0
Cash Flow statement,Net cash provided by operating activities,2018,2018-12-31,7320.0
Cash Flow statement,Purchases of short-term investments,2009,2009-12-31,-2130.0
Cash Flow statement,Purchases of short-term investments,2010,2010-12-31,-4579.0
Cash Flow statement,Purchases of short-term investments,2011,2011-12-31,
Cash Flow statement,Purchases of short-term investments,2012,2012-12-31,
Cash Flow statement,Purchases of short-term investments,2013,2013-12-31,
Cash Flow statement,Purchases of short-term investments,2014,2014-12-31,
Cash Flow statement,Purchases of short-term investments,2015,2015-12-31,
Cash Flow statement,Purchases of short-term investments,2016,2016-12-31,
Cash Flow statement,Purchases of short-term investments,2017,2017-12-31,
Cash Flow statement,Purchases of short-term investments,2018,2018-12-31,
Cash Flow statement,Purchases of investments,2009,2009-12-31,-22.0
Cash Flow statement,Purchases of investments,2010,2010-12-31,-132.0
Cash Flow statement,Purchases of investments,2011,2011-12-31,-4798.0
Cash Flow statement,Purchases of investments,2012,2012-12-31,-14824.0
Cash Flow statement,Purchases of investments,2013,2013-12-31,-14782.0
Cash Flow statement,Purchases of investments,2014,2014-12-31,-17800.0
Cash Flow statement,Purchases of investments,2015,2015-12-31,-15831.0
Cash Flow statement,Purchases of investments,2016,2016-12-31,-15499.0
Cash Flow statement,Purchases of investments,2017,2017-12-31,-17296.0
Cash Flow statement,Purchases of investments,2018,2018-12-31,-7789.0
Cash Flow statement,Proceeds from disposals of investments,2009,2009-12-31,0.0
Cash Flow statement,Proceeds from disposals of investments,2010,2010-12-31,4032.0
Cash Flow statement,Proceeds from disposals of investments,2011,2011-12-31,5811.0
Cash Flow statement,Proceeds from disposals of investments,2012,2012-12-31,7791.0
Cash Flow statement,Proceeds from disposals of investments,2013,2013-12-31,12791.0
Cash Flow statement,Proceeds from disposals of investments,2014,2014-12-31,12986.0
Cash Flow statement,Proceeds from disposals of investments,2015,2015-12-31,14079.0
Cash Flow statement,Proceeds from disposals of investments,2016,2016-12-31,16624.0
Cash Flow statement,Proceeds from disposals of investments,2017,2017-12-31,16694.0
Cash Flow statement,Proceeds from disposals of investments,2018,2018-12-31,14977.0
Cash Flow statement,"Acquisitions of businesses, equity method investments and nonmarketable securities",2009,2009-12-31,-300.0
Cash Flow statement,"Acquisitions of businesses, equity method investments and nonmarketable securities",2010,2010-12-31,-2511.0
Cash Flow statement,"Acquisitions of businesses, equity method investments and nonmarketable securities",2011,2011-12-31,-971.0
Cash Flow statement,"Acquisitions of businesses, equity method investments and nonmarketable securities",2012,2012-12-31,-1486.0
Cash Flow statement,"Acquisitions of businesses, equity method investments and nonmarketable securities",2013,2013-12-31,-353.0
Cash Flow statement,"Acquisitions of businesses, equity method investments and nonmarketable securities",2014,2014-12-31,-389.0
Cash Flow statement,"Acquisitions of businesses, equity method investments and nonmarketable securities",2015,2015-12-31,-2491.0
Cash Flow statement,"Acquisitions of businesses, equity method investments and nonmarketable securities",2016,2016-12-31,-838.0
Cash Flow statement,"Acquisitions of businesses, equity method investments and nonmarketable securities",2017,2017-12-31,-3809.0
Cash Flow statement,"Acquisitions of businesses, equity method investments and nonmarketable securities",2018,2018-12-31,-1040.0
Cash Flow statement,"Proceeds from disposals of businesses, equity method investments and nonmarkatable securities",2009,2009-12-31,240.0
Cash Flow statement,"Proceeds from disposals of businesses, equity method investments and nonmarkatable securities",2010,2010-12-31,972.0
Cash Flow statement,"Proceeds from disposals of businesses, equity method investments and nonmarkatable securities",2011,2011-12-31,398.0
Cash Flow statement,"Proceeds from disposals of businesses, equity method investments and nonmarkatable securities",2012,2012-12-31,20.0
Cash Flow statement,"Proceeds from disposals of businesses, equity method investments and nonmarkatable securities",2013,2013-12-31,872.0
Cash Flow statement,"Proceeds from disposals of businesses, equity method investments and nonmarkatable securities",2014,2014-12-31,148.0
Cash Flow statement,"Proceeds from disposals of businesses, equity method investments and nonmarkatable securities",2015,2015-12-31,565.0
Cash Flow statement,"Proceeds from disposals of businesses, equity method investments and nonmarkatable securities",2016,2016-12-31,1035.0
Cash Flow statement,"Proceeds from disposals of businesses, equity method investments and nonmarkatable securities",2017,2017-12-31,3821.0
Cash Flow statement,"Proceeds from disposals of businesses, equity method investments and nonmarkatable securities",2018,2018-12-31,1362.0
Cash Flow statement,"Purchases of property, plant and equipment",2009,2009-12-31,-1993.0
Cash Flow statement,"Purchases of property, plant and equipment",2010,2010-12-31,-2215.0
Cash Flow statement,"Purchases of property, plant and equipment",2011,2011-12-31,-2920.0
Cash Flow statement,"Purchases of property, plant and equipment",2012,2012-12-31,-2780.0
Cash Flow statement,"Purchases of property, plant and equipment",2013,2013-12-31,-2550.0
Cash Flow statement,"Purchases of property, plant and equipment",2014,2014-12-31,-2406.0
Cash Flow statement,"Purchases of property, plant and equipment",2015,2015-12-31,-2553.0
Cash Flow statement,"Purchases of property, plant and equipment",2016,2016-12-31,-2262.0
Cash Flow statement,"Purchases of property, plant and equipment",2017,2017-12-31,-1675.0
Cash Flow statement,"Purchases of property, plant and equipment",2018,2018-12-31,-1347.0
Cash Flow statement,"Proceeds from disposals of property, plant and equipment",2009,2009-12-31,104.0
Cash Flow statement,"Proceeds from disposals of property, plant and equipment",2010,2010-12-31,134.0
Cash Flow statement,"Proceeds from disposals of property, plant and equipment",2011,2011-12-31,101.0
Cash Flow statement,"Proceeds from disposals of property, plant and equipment",2012,2012-12-31,143.0
Cash Flow statement,"Proceeds from disposals of property, plant and equipment",2013,2013-12-31,111.0
Cash Flow statement,"Proceeds from disposals of property, plant and equipment",2014,2014-12-31,223.0
Cash Flow statement,"Proceeds from disposals of property, plant and equipment",2015,2015-12-31,85.0
Cash Flow statement,"Proceeds from disposals of property, plant and equipment",2016,2016-12-31,150.0
Cash Flow statement,"Proceeds from disposals of property, plant and equipment",2017,2017-12-31,104.0
Cash Flow statement,"Proceeds from disposals of property, plant and equipment",2018,2018-12-31,245.0
Cash Flow statement,Other investing activities,2009,2009-12-31,-48.0
Cash Flow statement,Other investing activities,2010,2010-12-31,-106.0
Cash Flow statement,Other investing activities,2011,2011-12-31,-145.0
Cash Flow statement,Other investing activities,2012,2012-12-31,-268.0
Cash Flow statement,Other investing activities,2013,2013-12-31,-303.0
Cash Flow statement,Other investing activities,2014,2014-12-31,-268.0
Cash Flow statement,Other investing activities,2015,2015-12-31,-40.0
Cash Flow statement,Other investing activities,2016,2016-12-31,-209.0
Cash Flow statement,Other investing activities,2017,2017-12-31,-93.0
Cash Flow statement,Other investing activities,2018,2018-12-31,-60.0
Cash Flow statement,Net cash provided by (used in) investing activities,2009,2009-12-31,-4149.0
Cash Flow statement,Net cash provided by (used in) investing activities,2010,2010-12-31,-4405.0
Cash Flow statement,Net cash provided by (used in) investing activities,2011,2011-12-31,-2524.0
Cash Flow statement,Net cash provided by (used in) investing activities,2012,2012-12-31,-11404.0
Cash Flow statement,Net cash provided by (used in) investing activities,2013,2013-12-31,-4214.0
Cash Flow statement,Net cash provided by (used in) investing activities,2014,2014-12-31,-7506.0
Cash Flow statement,Net cash provided by (used in) investing activities,2015,2015-12-31,-6186.0
Cash Flow statement,Net cash provided by (used in) investing activities,2016,2016-12-31,-999.0
Cash Flow statement,Net cash provided by (used in) investing activities,2017,2017-12-31,-2254.0
Cash Flow statement,Net cash provided by (used in) investing activities,2018,2018-12-31,6348.0
Cash Flow statement,Issuances of debt,2009,2009-12-31,14689.0
Cash Flow statement,Issuances of debt,2010,2010-12-31,15251.0
Cash Flow statement,Issuances of debt,2011,2011-12-31,27495.0
Cash Flow statement,Issuances of debt,2012,2012-12-31,42791.0
Cash Flow statement,Issuances of debt,2013,2013-12-31,43425.0
Cash Flow statement,Issuances of debt,2014,2014-12-31,41674.0
Cash Flow statement,Issuances of debt,2015,2015-12-31,40434.0
Cash Flow statement,Issuances of debt,2016,2016-12-31,27281.0
Cash Flow statement,Issuances of debt,2017,2017-12-31,29857.0
Cash Flow statement,Issuances of debt,2018,2018-12-31,27339.0
Cash Flow statement,Payments of debt,2009,2009-12-31,-12326.0
Cash Flow statement,Payments of debt,2010,2010-12-31,-13403.0
Cash Flow statement,Payments of debt,2011,2011-12-31,-22530.0
Cash Flow statement,Payments of debt,2012,2012-12-31,-38573.0
Cash Flow statement,Payments of debt,2013,2013-12-31,-38714.0
Cash Flow statement,Payments of debt,2014,2014-12-31,-36962.0
Cash Flow statement,Payments of debt,2015,2015-12-31,-37738.0
Cash Flow statement,Payments of debt,2016,2016-12-31,-25615.0
Cash Flow statement,Payments of debt,2017,2017-12-31,-28768.0
Cash Flow statement,Payments of debt,2018,2018-12-31,-30568.0
Cash Flow statement,Issuances of stock,2009,2009-12-31,664.0
Cash Flow statement,Issuances of stock,2010,2010-12-31,1666.0
Cash Flow statement,Issuances of stock,2011,2011-12-31,1569.0
Cash Flow statement,Issuances of stock,2012,2012-12-31,1489.0
Cash Flow statement,Issuances of stock,2013,2013-12-31,1328.0
Cash Flow statement,Issuances of stock,2014,2014-12-31,1532.0
Cash Flow statement,Issuances of stock,2015,2015-12-31,1245.0
Cash Flow statement,Issuances of stock,2016,2016-12-31,1434.0
Cash Flow statement,Issuances of stock,2017,2017-12-31,1595.0
Cash Flow statement,Issuances of stock,2018,2018-12-31,1476.0
Cash Flow statement,Purchases of stock for treasury,2009,2009-12-31,-1518.0
Cash Flow statement,Purchases of stock for treasury,2010,2010-12-31,-2961.0
Cash Flow statement,Purchases of stock for treasury,2011,2011-12-31,-4513.0
Cash Flow statement,Purchases of stock for treasury,2012,2012-12-31,-4559.0
Cash Flow statement,Purchases of stock for treasury,2013,2013-12-31,-4832.0
Cash Flow statement,Purchases of stock for treasury,2014,2014-12-31,-4162.0
Cash Flow statement,Purchases of stock for treasury,2015,2015-12-31,-3564.0
Cash Flow statement,Purchases of stock for treasury,2016,2016-12-31,-3681.0
Cash Flow statement,Purchases of stock for treasury,2017,2017-12-31,-3682.0
Cash Flow statement,Purchases of stock for treasury,2018,2018-12-31,-1912.0
Cash Flow statement,Dividends,2009,2009-12-31,-3800.0
Cash Flow statement,Dividends,2010,2010-12-31,-4068.0
Cash Flow statement,Dividends,2011,2011-12-31,-4300.0
Cash Flow statement,Dividends,2012,2012-12-31,-4595.0
Cash Flow statement,Dividends,2013,2013-12-31,-4969.0
Cash Flow statement,Dividends,2014,2014-12-31,-5350.0
Cash Flow statement,Dividends,2015,2015-12-31,-5741.0
Cash Flow statement,Dividends,2016,2016-12-31,-6043.0
Cash Flow statement,Dividends,2017,2017-12-31,-6320.0
Cash Flow statement,Dividends,2018,2018-12-31,-6644.0
Cash Flow statement,Other financing activities,2009,2009-12-31,-2.0
Cash Flow statement,Other financing activities,2010,2010-12-31,50.0
Cash Flow statement,Other financing activities,2011,2011-12-31,45.0
Cash Flow statement,Other financing activities,2012,2012-12-31,100.0
Cash Flow statement,Other financing activities,2013,2013-12-31,17.0
Cash Flow statement,Other financing activities,2014,2014-12-31,-363.0
Cash Flow statement,Other financing activities,2015,2015-12-31,251.0
Cash Flow statement,Other financing activities,2016,2016-12-31,79.0
Cash Flow statement,Other financing activities,2017,2017-12-31,-91.0
Cash Flow statement,Other financing activities,2018,2018-12-31,-243.0
Cash Flow statement,Net cash provided by (used in) financing activities,2009,2009-12-31,-2293.0
Cash Flow statement,Net cash provided by (used in) financing activities,2010,2010-12-31,-3465.0
Cash Flow statement,Net cash provided by (used in) financing activities,2011,2011-12-31,-2234.0
Cash Flow statement,Net cash provided by (used in) financing activities,2012,2012-12-31,-3347.0
Cash Flow statement,Net cash provided by (used in) financing activities,2013,2013-12-31,-3745.0
Cash Flow statement,Net cash provided by (used in) financing activities,2014,2014-12-31,-3631.0
Cash Flow statement,Net cash provided by (used in) financing activities,2015,2015-12-31,-5113.0
Cash Flow statement,Net cash provided by (used in) financing activities,2016,2016-12-31,-6545.0
Cash Flow statement,Net cash provided by (used in) financing activities,2017,2017-12-31,-7409.0
Cash Flow statement,Net cash provided by (used in) financing activities,2018,2018-12-31,-10552.0
Cash Flow statement,"Cash Provided by (Used in) Operating Activities, Discontinued Operations",2009,2009-12-31,
Cash Flow statement,"Cash Provided by (Used in) Operating Activities, Discontinued Operations",2010,2010-12-31,
Cash Flow statement,"Cash Provided by (Used in) Operating Activities, Discontinued Operations",2011,2011-12-31,
Cash Flow statement,"Cash Provided by (Used in) Operating Activities, Discontinued Operations",2012,2012-12-31,
Cash Flow statement,"Cash Provided by (Used in) Operating Activities, Discontinued Operations",2013,2013-12-31,
Cash Flow statement,"Cash Provided by (Used in) Operating Activities, Discontinued Operations",2014,2014-12-31,
Cash Flow statement,"Cash Provided by (Used in) Operating Activities, Discontinued Operations",2015,2015-12-31,0.0
Cash Flow statement,"Cash Provided by (Used in) Operating Activities, Discontinued Operations",2016,2016-12-31,0.0
Cash Flow statement,"Cash Provided by (Used in) Operating Activities, Discontinued Operations",2017,2017-12-31,111.0
Cash Flow statement,"Cash Provided by (Used in) Operating Activities, Discontinued Operations",2018,2018-12-31,307.0
Cash Flow statement,Effect of exchange rate changes on cash and cash equivalents,2009,2009-12-31,576.0
Cash Flow statement,Effect of exchange rate changes on cash and cash equivalents,2010,2010-12-31,-166.0
Cash Flow statement,Effect of exchange rate changes on cash and cash equivalents,2011,2011-12-31,-430.0
Cash Flow statement,Effect of exchange rate changes on cash and cash equivalents,2012,2012-12-31,-255.0
Cash Flow statement,Effect of exchange rate changes on cash and cash equivalents,2013,2013-12-31,-611.0
Cash Flow statement,Effect of exchange rate changes on cash and cash equivalents,2014,2014-12-31,-934.0
Cash Flow statement,Effect of exchange rate changes on cash and cash equivalents,2015,2015-12-31,-878.0
Cash Flow statement,Effect of exchange rate changes on cash and cash equivalents,2016,2016-12-31,-6.0
Cash Flow statement,Effect of exchange rate changes on cash and cash equivalents,2017,2017-12-31,241.0
Cash Flow statement,Effect of exchange rate changes on cash and cash equivalents,2018,2018-12-31,-262.0
Cash Flow statement,"Cash Provided by (Used in) Investing Activities, Discontinued Operations",2009,2009-12-31,
Cash Flow statement,"Cash Provided by (Used in) Investing Activities, Discontinued Operations",2010,2010-12-31,
Cash Flow statement,"Cash Provided by (Used in) Investing Activities, Discontinued Operations",2011,2011-12-31,
Cash Flow statement,"Cash Provided by (Used in) Investing Activities, Discontinued Operations",2012,2012-12-31,
Cash Flow statement,"Cash Provided by (Used in) Investing Activities, Discontinued Operations",2013,2013-12-31,
Cash Flow statement,"Cash Provided by (Used in) Investing Activities, Discontinued Operations",2014,2014-12-31,
Cash Flow statement,"Cash Provided by (Used in) Investing Activities, Discontinued Operations",2015,2015-12-31,0.0
Cash Flow statement,"Cash Provided by (Used in) Investing Activities, Discontinued Operations",2016,2016-12-31,0.0
Cash Flow statement,"Cash Provided by (Used in) Investing Activities, Discontinued Operations",2017,2017-12-31,-58.0
Cash Flow statement,"Cash Provided by (Used in) Investing Activities, Discontinued Operations",2018,2018-12-31,-421.0
Cash Flow statement,"Cash Provided by (Used in) Financing Activities, Discontinued Operations",2009,2009-12-31,
Cash Flow statement,"Cash Provided by (Used in) Financing Activities, Discontinued Operations",2010,2010-12-31,
Cash Flow statement,"Cash Provided by (Used in) Financing Activities, Discontinued Operations",2011,2011-12-31,
Cash Flow statement,"Cash Provided by (Used in) Financing Activities, Discontinued Operations",2012,2012-12-31,
Cash Flow statement,"Cash Provided by (Used in) Financing Activities, Discontinued Operations",2013,2013-12-31,
Cash Flow statement,"Cash Provided by (Used in) Financing Activities, Discontinued Operations",2014,2014-12-31,
Cash Flow statement,"Cash Provided by (Used in) Financing Activities, Discontinued Operations",2015,2015-12-31,0.0
Cash Flow statement,"Cash Provided by (Used in) Financing Activities, Discontinued Operations",2016,2016-12-31,0.0
Cash Flow statement,"Cash Provided by (Used in) Financing Activities, Discontinued Operations",2017,2017-12-31,-38.0
Cash Flow statement,"Cash Provided by (Used in) Financing Activities, Discontinued Operations",2018,2018-12-31,205.0
Cash Flow statement,Net Cash Provided by (Used in) Discontinued Operations,2009,2009-12-31,
Cash Flow statement,Net Cash Provided by (Used in) Discontinued Operations,2010,2010-12-31,
Cash Flow statement,Net Cash Provided by (Used in) Discontinued Operations,2011,2011-12-31,
Cash Flow statement,Net Cash Provided by (Used in) Discontinued Operations,2012,2012-12-31,
Cash Flow statement,Net Cash Provided by (Used in) Discontinued Operations,2013,2013-12-31,
Cash Flow statement,Net Cash Provided by (Used in) Discontinued Operations,2014,2014-12-31,
Cash Flow statement,Net Cash Provided by (Used in) Discontinued Operations,2015,2015-12-31,0.0
Cash Flow statement,Net Cash Provided by (Used in) Discontinued Operations,2016,2016-12-31,0.0
Cash Flow statement,Net Cash Provided by (Used in) Discontinued Operations,2017,2017-12-31,15.0
Cash Flow statement,Net Cash Provided by (Used in) Discontinued Operations,2018,2018-12-31,91.0
Cash Flow statement,Net increase (decrease) during the year,2009,2009-12-31,2320.0
Cash Flow statement,Net increase (decrease) during the year,2010,2010-12-31,1496.0
Cash Flow statement,Net increase (decrease) during the year,2011,2011-12-31,4286.0
Cash Flow statement,Net increase (decrease) during the year,2012,2012-12-31,-4361.0
Cash Flow statement,Net increase (decrease) during the year,2013,2013-12-31,1972.0
Cash Flow statement,Net increase (decrease) during the year,2014,2014-12-31,-1456.0
Cash Flow statement,Net increase (decrease) during the year,2015,2015-12-31,-1649.0
Cash Flow statement,Net increase (decrease) during the year,2016,2016-12-31,1246.0
Cash Flow statement,Net increase (decrease) during the year,2017,2017-12-31,-2477.0
Cash Flow statement,Net increase (decrease) during the year,2018,2018-12-31,2945.0
