Order Date,Customer ID,Region,Product,Revenue,Units Sold
2025-04-13,C189,Americas,Product C,3793.97,7
2025-05-02,C373,APAC,Product C,2566.62,4
2025-06-01,C294,EMEA,Product A,4864.59,2
2025-07-11,C22,Americas,Product A,1869.09,12
2025-02-18,C188,EMEA,Product C,1127.72,16
2025-09-28,C364,EMEA,Product C,3282.74,3
2025-05-15,C89,APAC,Product C,559.69,14
2025-08-30,C340,EMEA,Product B,939.52,15
2025-09-21,C50,APAC,Product B,1355.86,8
2025-01-02,C310,EMEA,Product B,2960.2,18
2025-08-06,C270,EMEA,Product B,4526.72,16
2025-09-28,C190,APAC,Product C,2843.75,8
2025-08-01,C280,EMEA,Product B,2928.61,13
2025-02-10,C327,APAC,Product A,835.48,9
2025-05-09,C81,APAC,Product C,4169.58,8
2025-06-12,C231,Americas,Product C,833.2,9
2025-01-28,C62,Americas,Product B,929.35,5
2025-04-09,C227,EMEA,Product B,4492.46,5
2025-05-11,C398,Americas,Product B,1561.93,7
2025-07-26,C179,EMEA,Product B,2477.01,7
2025-08-29,C231,APAC,Product B,676.19,13
2025-05-23,C187,Americas,Product A,846.41,19
2025-03-27,C134,Americas,Product B,4136.54,12
2025-02-13,C348,EMEA,Product B,2927.04,7
2025-07-09,C121,APAC,Product A,3414.61,13
2025-08-21,C137,APAC,Product B,1679.02,5
2025-08-13,C160,APAC,Product C,1257.31,9
2025-06-29,C268,EMEA,Product A,1642.62,7
2025-04-23,C2,APAC,Product A,1700.51,2
2025-08-08,C385,APAC,Product A,2052.82,19
2025-05-06,C247,APAC,Product B,4935.43,4
2025-07-22,C280,EMEA,Product A,3776.97,5
2025-04-08,C144,EMEA,Product C,4173.94,1
2025-07-20,C259,APAC,Product B,2178.69,4
2025-05-27,C128,APAC,Product C,1284.65,7
2025-05-09,C151,EMEA,Product A,1010.63,10
2025-04-09,C60,APAC,Product B,4919.76,17
2025-01-02,C37,Americas,Product B,4537.47,9
2025-08-21,C54,APAC,Product C,4353.46,1
2025-04-26,C254,APAC,Product B,3510.45,3
2025-04-22,C384,APAC,Product C,4881.49,14
2025-07-13,C161,EMEA,Product A,1509.21,4
2025-05-15,C371,Americas,Product A,2941.43,14
2025-06-07,C264,Americas,Product A,2690.34,2
2025-04-07,C317,EMEA,Product A,1378.59,16
2025-05-27,C172,EMEA,Product A,696.22,14
2025-01-06,C349,EMEA,Product A,4788.82,17
2025-06-30,C253,EMEA,Product A,839.06,1
2025-09-13,C223,EMEA,Product B,3005.61,3
2025-06-23,C127,APAC,Product C,4955.24,10
2025-09-30,C176,Americas,Product A,3661.18,7
2025-06-19,C13,Americas,Product C,1652.93,7
2025-02-05,C142,Americas,Product A,819.23,12
2025-05-23,C342,EMEA,Product B,2473.13,19
2025-06-02,C314,APAC,Product B,1789.44,17
2025-06-29,C101,APAC,Product C,2120.86,1
2025-09-21,C262,Americas,Product A,2557.69,13
2025-02-16,C106,EMEA,Product A,4862.92,19
2025-05-25,C346,EMEA,Product C,2475.37,5
2025-04-27,C129,APAC,Product C,3631.88,1
2025-08-27,C89,APAC,Product B,553.46,8
2025-08-25,C69,APAC,Product A,3820.54,3
2025-03-17,C185,EMEA,Product C,3910.31,14
2025-08-08,C204,APAC,Product A,1901.36,16
2025-08-06,C289,Americas,Product A,2630.62,5
2025-01-23,C290,APAC,Product B,3357.92,10
2025-09-07,C4,Americas,Product A,2927.2,16
2025-09-04,C396,Americas,Product C,4104.27,18
2025-06-12,C101,EMEA,Product A,4150.42,12
2025-03-06,C285,Americas,Product B,1430.08,13
2025-01-12,C242,APAC,Product B,675.33,3
2025-08-03,C90,APAC,Product A,4301.94,2
2025-04-25,C75,APAC,Product B,3635.32,4
2025-08-05,C357,Americas,Product A,2965.87,9
2025-07-11,C96,EMEA,Product C,2356.78,5
2025-09-25,C355,EMEA,Product A,3829.59,9
2025-09-30,C187,EMEA,Product A,1940.22,19
2025-06-26,C76,APAC,Product A,4574.22,9
2025-07-25,C144,EMEA,Product C,2718.62,5
2025-04-09,C53,EMEA,Product C,1457.28,16
2025-02-26,C398,APAC,Product A,2724.89,5
2025-06-12,C239,Americas,Product C,3676.24,12
2025-01-09,C7,Americas,Product A,955.05,14
2025-05-21,C122,APAC,Product A,4198.37,2
2025-01-05,C365,EMEA,Product B,4939.88,1
2025-05-25,C292,Americas,Product A,3163.5,6
2025-09-09,C167,APAC,Product A,2200.94,10
2025-01-19,C242,APAC,Product C,1641.57,8
2025-01-01,C369,EMEA,Product B,2301.0,1
2025-04-27,C317,Americas,Product A,4864.45,15
2025-05-29,C229,APAC,Product A,4968.34,4
2025-08-15,C233,EMEA,Product A,2853.94,17
2025-01-14,C374,APAC,Product A,3324.01,3
2025-05-24,C224,Americas,Product C,1764.33,16
2025-06-05,C90,APAC,Product B,1346.55,8
2025-07-05,C192,APAC,Product A,4884.78,17
2025-07-20,C397,APAC,Product A,3581.29,14
2025-02-04,C197,Americas,Product B,2374.88,15
2025-01-10,C5,Americas,Product B,2982.15,1
2025-03-06,C341,EMEA,Product C,1176.88,17
2025-04-08,C311,APAC,Product C,1730.33,6
2025-07-16,C23,Americas,Product B,4609.25,5
2025-02-22,C85,Americas,Product B,2200.33,14
2025-01-01,C369,Americas,Product A,1432.52,8
2025-02-03,C162,EMEA,Product C,3522.08,3
2025-09-25,C251,Americas,Product A,897.84,17
2025-04-22,C341,EMEA,Product C,3898.12,14
2025-03-07,C252,Americas,Product C,1113.67,2
2025-04-08,C308,EMEA,Product C,2468.64,6
2025-01-30,C285,EMEA,Product C,3639.39,4
2025-05-18,C340,Americas,Product B,3960.13,5
2025-02-03,C235,EMEA,Product B,1979.38,11
2025-08-28,C183,APAC,Product C,1079.96,16
2025-04-05,C195,EMEA,Product A,4535.55,18
2025-03-02,C92,APAC,Product C,4198.06,10
2025-01-22,C12,APAC,Product A,2904.91,14
2025-02-03,C73,APAC,Product B,3606.78,15
2025-05-01,C48,EMEA,Product B,1206.4,17
2025-01-26,C180,Americas,Product A,3187.75,15
2025-05-07,C78,Americas,Product B,3282.15,2
2025-06-03,C111,APAC,Product C,3710.07,14
2025-08-27,C227,APAC,Product B,1508.01,19
2025-01-15,C202,APAC,Product C,2197.78,7
2025-09-30,C25,APAC,Product B,1745.41,17
2025-01-13,C109,EMEA,Product B,4051.27,18
2025-04-21,C264,EMEA,Product B,3140.79,8
2025-08-24,C180,APAC,Product A,2018.51,2
2025-08-17,C198,Americas,Product A,958.02,6
2025-04-22,C350,APAC,Product C,895.49,9
2025-09-04,C36,APAC,Product C,2346.79,6
2025-08-08,C369,Americas,Product C,4176.82,6
2025-03-03,C26,Americas,Product C,2907.67,19
2025-06-22,C324,Americas,Product B,4855.97,19
2025-07-31,C1,EMEA,Product A,2884.28,14
2025-02-07,C333,EMEA,Product C,4694.06,11
2025-09-16,C261,APAC,Product B,1526.52,10
2025-06-21,C319,APAC,Product B,895.41,5
2025-09-30,C94,APAC,Product C,2622.09,17
2025-03-10,C376,Americas,Product B,1059.34,11
2025-05-17,C296,APAC,Product C,799.23,8
2025-09-24,C291,Americas,Product B,4097.92,5
2025-01-05,C132,APAC,Product B,2853.79,13
2025-02-11,C288,EMEA,Product C,3712.02,19
2025-05-05,C153,APAC,Product C,2474.35,17
2025-08-13,C104,EMEA,Product B,2945.99,8
2025-02-08,C179,APAC,Product B,1997.67,8
2025-02-11,C289,APAC,Product C,4453.83,7
2025-06-06,C289,APAC,Product A,3681.41,4
2025-03-27,C353,Americas,Product A,4445.45,6
2025-06-08,C184,EMEA,Product A,1073.7,15
2025-06-06,C332,EMEA,Product A,1531.63,13
2025-05-10,C292,APAC,Product C,3622.77,11
2025-03-10,C38,Americas,Product B,4588.03,6
2025-07-19,C396,EMEA,Product B,4762.78,13
2025-04-14,C104,EMEA,Product A,1652.07,11
2025-05-13,C92,Americas,Product C,1186.43,9
2025-02-20,C257,Americas,Product A,4665.06,14
2025-04-11,C313,Americas,Product B,1338.44,1
2025-02-24,C309,APAC,Product C,2295.51,9
2025-07-21,C291,Americas,Product A,3216.75,11
2025-07-29,C364,EMEA,Product C,2534.98,19
2025-07-01,C344,APAC,Product C,1244.81,1
2025-06-26,C156,Americas,Product C,3345.19,18
2025-02-18,C118,APAC,Product A,1168.98,8
2025-02-18,C379,APAC,Product A,2287.93,19
2025-02-01,C286,EMEA,Product A,664.47,16
2025-01-19,C194,APAC,Product B,3713.27,17
2025-04-24,C385,EMEA,Product C,1198.58,8
2025-02-24,C366,Americas,Product B,1718.35,2
2025-03-28,C8,Americas,Product B,4401.47,1
2025-09-04,C328,APAC,Product C,3523.52,15
2025-08-17,C264,APAC,Product A,3005.25,2
2025-04-06,C165,Americas,Product B,4235.99,14
2025-08-11,C263,APAC,Product B,335.11,1
2025-05-31,C285,Americas,Product A,4444.0,18
2025-01-02,C234,Americas,Product A,2038.18,2
2025-07-14,C256,EMEA,Product A,2053.36,9
2025-08-14,C342,Americas,Product C,4768.04,12
2025-03-22,C128,Americas,Product C,4525.49,17
2025-04-25,C237,EMEA,Product A,2937.35,7
2025-07-20,C154,APAC,Product C,2397.67,13
2025-04-08,C128,APAC,Product C,4201.63,10
2025-02-10,C378,APAC,Product A,2323.62,12
2025-03-28,C313,APAC,Product B,1115.99,6
2025-08-07,C394,EMEA,Product A,3492.67,13
2025-07-09,C363,EMEA,Product B,1248.28,1
2025-06-30,C267,EMEA,Product B,807.12,8
2025-01-11,C232,EMEA,Product A,3746.9,3
2025-04-08,C312,EMEA,Product B,1107.51,1
2025-09-07,C337,APAC,Product C,3177.85,13
2025-07-20,C296,Americas,Product A,2049.73,17
2025-05-09,C25,EMEA,Product C,3192.29,7
2025-05-11,C354,APAC,Product C,1724.65,12
2025-04-11,C17,APAC,Product C,4829.44,10
2025-02-26,C80,EMEA,Product C,890.17,19
2025-09-21,C374,EMEA,Product A,3464.53,16
2025-07-17,C143,Americas,Product B,2702.41,9
2025-01-26,C282,APAC,Product B,3147.19,7
2025-09-27,C176,APAC,Product C,1838.07,8
2025-08-03,C103,Americas,Product C,4379.19,17
2025-01-14,C301,EMEA,Product C,3023.05,2
2025-05-11,C364,EMEA,Product B,3761.45,7
2025-01-15,C397,Americas,Product A,3477.45,18
2025-06-10,C311,Americas,Product B,4444.99,3
2025-06-19,C141,Americas,Product C,4436.16,18
2025-04-06,C29,Americas,Product C,542.68,17
2025-09-02,C359,EMEA,Product C,2292.29,5
2025-03-06,C376,APAC,Product C,2602.9,18
2025-05-26,C73,APAC,Product A,1747.7,15
2025-05-20,C380,Americas,Product A,4038.55,6
2025-01-11,C52,Americas,Product B,1251.65,4
2025-02-28,C373,EMEA,Product A,3423.41,19
2025-04-17,C259,APAC,Product B,665.29,6
2025-01-05,C9,APAC,Product C,1473.46,3
2025-01-20,C178,Americas,Product A,1671.05,18
2025-03-03,C269,Americas,Product C,4171.25,15
2025-03-30,C267,EMEA,Product B,4370.57,9
2025-05-03,C226,APAC,Product A,699.69,12
2025-06-19,C226,Americas,Product A,2978.86,15
2025-02-07,C37,APAC,Product A,719.53,16
2025-03-22,C349,APAC,Product A,2662.64,19
2025-07-05,C237,EMEA,Product B,2947.01,1
2025-09-19,C304,EMEA,Product A,1208.03,9
2025-09-26,C356,Americas,Product A,4685.41,6
2025-07-07,C249,APAC,Product C,4825.92,19
2025-01-31,C158,Americas,Product B,4189.76,7
2025-03-23,C12,Americas,Product B,3904.86,7
2025-08-12,C17,APAC,Product C,4915.34,8
2025-08-11,C326,EMEA,Product A,4009.3,19
2025-03-15,C60,EMEA,Product B,2038.42,15
2025-08-10,C352,Americas,Product B,4717.53,4
2025-08-30,C394,Americas,Product A,3969.43,1
2025-01-22,C270,EMEA,Product C,4335.87,15
2025-07-23,C7,Americas,Product C,3174.78,11
2025-02-02,C58,APAC,Product C,4184.54,2
2025-08-14,C39,Americas,Product A,959.87,15
2025-06-06,C84,APAC,Product B,3977.7,11
2025-01-27,C92,Americas,Product B,1179.76,15
2025-03-25,C257,EMEA,Product A,2490.34,6
2025-01-15,C281,Americas,Product C,640.1,12
2025-09-28,C145,EMEA,Product C,4856.87,8
2025-03-20,C387,EMEA,Product B,3924.61,12
2025-06-30,C46,Americas,Product B,3274.93,15
2025-06-02,C236,APAC,Product C,1063.34,4
2025-01-09,C214,APAC,Product A,1223.71,2
2025-03-13,C277,APAC,Product A,1173.11,18
2025-04-05,C289,Americas,Product C,3627.42,6
2025-09-24,C377,EMEA,Product A,1589.2,14
2025-06-09,C148,APAC,Product B,3281.7,1
2025-07-21,C2,Americas,Product B,1969.08,1
2025-08-21,C154,EMEA,Product A,4210.31,7
2025-07-13,C143,Americas,Product B,3602.59,2
2025-04-16,C317,APAC,Product A,4781.97,3
2025-05-03,C223,APAC,Product B,3274.72,9
2025-07-23,C84,Americas,Product B,3313.87,15
2025-09-08,C388,EMEA,Product C,4526.67,6
2025-01-22,C188,EMEA,Product C,683.39,10
2025-01-14,C12,APAC,Product B,3169.75,13
2025-01-25,C238,Americas,Product B,1980.58,4
2025-06-22,C288,APAC,Product C,2451.45,19
2025-03-23,C352,APAC,Product C,1528.05,9
2025-02-28,C93,EMEA,Product B,2314.68,15
2025-08-01,C293,Americas,Product A,4308.1,4
2025-08-08,C96,EMEA,Product B,4401.64,9
2025-09-07,C262,Americas,Product B,3189.76,7
2025-08-31,C131,EMEA,Product B,2116.18,13
2025-01-18,C282,EMEA,Product C,1561.06,8
2025-04-10,C14,Americas,Product C,3346.43,14
2025-01-02,C41,APAC,Product A,811.1,15
2025-01-14,C231,EMEA,Product A,3481.8,6
2025-05-25,C163,EMEA,Product A,2295.71,5
2025-09-18,C287,APAC,Product A,1566.63,11
2025-01-10,C93,APAC,Product B,1989.0,10
2025-09-14,C313,EMEA,Product C,4768.63,11
2025-06-24,C120,EMEA,Product A,4018.06,12
2025-06-05,C370,Americas,Product B,1426.29,14
2025-05-10,C285,APAC,Product A,4714.73,1
2025-04-29,C325,APAC,Product A,4702.44,1
2025-06-28,C242,APAC,Product B,2288.21,11
2025-05-06,C39,Americas,Product B,4878.94,15
2025-06-27,C384,APAC,Product B,1128.43,13
2025-08-22,C264,Americas,Product B,1347.57,6
2025-01-05,C311,Americas,Product C,3616.82,11
2025-04-24,C232,APAC,Product B,4410.07,17
2025-03-17,C289,APAC,Product A,3602.87,1
2025-05-27,C69,Americas,Product B,2272.39,9
2025-03-31,C63,APAC,Product B,4997.36,9
2025-06-10,C77,EMEA,Product A,4020.73,9
2025-04-08,C19,EMEA,Product B,4665.54,6
2025-03-23,C331,Americas,Product C,2460.12,1
2025-03-30,C199,APAC,Product A,2149.08,15
2025-04-03,C291,EMEA,Product A,2955.59,12
2025-04-12,C330,APAC,Product C,1258.0,2
2025-09-22,C117,EMEA,Product B,4781.65,12
2025-05-13,C228,EMEA,Product A,1607.31,15
2025-02-12,C364,Americas,Product B,3860.94,11
2025-01-21,C117,APAC,Product C,4535.21,15
2025-07-22,C275,EMEA,Product A,2656.32,2
2025-02-21,C291,EMEA,Product A,4113.62,8
2025-05-24,C77,APAC,Product B,3722.68,4
2025-03-31,C108,APAC,Product C,1054.5,10
2025-02-08,C241,EMEA,Product C,1828.75,10
2025-02-05,C385,EMEA,Product B,4126.97,12
2025-06-22,C118,EMEA,Product C,511.63,9
2025-01-26,C121,APAC,Product B,1286.48,10
2025-03-13,C293,Americas,Product A,1565.92,4
2025-02-19,C146,Americas,Product C,3503.97,19
2025-06-13,C175,APAC,Product C,3139.74,17
2025-04-18,C150,Americas,Product C,2909.11,16
2025-05-23,C138,APAC,Product C,2960.14,9
2025-03-19,C258,EMEA,Product A,2735.45,3
2025-09-20,C125,EMEA,Product C,2492.23,7
2025-08-29,C218,APAC,Product B,581.1,6
2025-02-11,C232,Americas,Product A,857.39,5
2025-06-13,C196,APAC,Product A,1519.95,13
2025-02-18,C160,Americas,Product A,814.69,8
2025-08-18,C381,EMEA,Product C,2898.31,3
2025-05-10,C291,Americas,Product B,2133.25,2
2025-04-26,C333,APAC,Product B,4809.31,15
2025-07-27,C12,EMEA,Product B,2526.67,17
2025-05-16,C348,Americas,Product B,1555.89,19
2025-04-14,C149,APAC,Product A,4289.15,6
2025-08-19,C38,Americas,Product A,4217.3,2
2025-05-22,C66,APAC,Product C,1684.01,9
2025-09-15,C323,Americas,Product A,2793.76,4
2025-09-19,C316,Americas,Product C,3085.64,5
2025-09-01,C166,APAC,Product C,2287.3,18
2025-06-07,C67,Americas,Product B,3746.4,16
2025-01-07,C163,APAC,Product A,1951.38,2
2025-05-10,C256,APAC,Product B,4890.25,10
2025-01-25,C164,EMEA,Product A,4379.07,14
2025-04-20,C387,Americas,Product B,1286.77,3
2025-01-25,C25,EMEA,Product B,806.78,15
2025-03-09,C20,APAC,Product A,4714.02,18
2025-06-09,C151,APAC,Product B,3211.49,19
2025-01-05,C382,Americas,Product B,1452.9,11
2025-06-27,C83,APAC,Product C,4926.56,9
2025-04-09,C263,APAC,Product B,1694.24,16
2025-09-09,C101,EMEA,Product C,1530.03,7
2025-08-09,C63,EMEA,Product B,2417.38,5
2025-04-26,C155,EMEA,Product A,2094.06,14
2025-08-17,C386,EMEA,Product A,549.64,6
2025-03-20,C389,EMEA,Product C,1116.99,1
2025-01-13,C181,APAC,Product B,3331.84,18
2025-06-22,C188,APAC,Product A,993.81,11
2025-07-10,C196,EMEA,Product C,1171.57,2
2025-02-21,C233,APAC,Product B,2642.08,6
2025-02-11,C192,Americas,Product A,1099.15,17
2025-04-30,C48,APAC,Product A,4139.98,1
2025-01-10,C247,Americas,Product A,4213.09,2
2025-09-21,C343,Americas,Product A,3262.7,13
2025-03-10,C8,Americas,Product A,2494.73,13
2025-07-19,C152,APAC,Product C,3465.66,17
2025-05-13,C228,EMEA,Product B,2578.76,11
2025-07-30,C261,EMEA,Product C,1283.49,5
2025-01-08,C368,APAC,Product B,871.78,17
2025-08-11,C49,Americas,Product A,4891.96,4
2025-03-19,C190,APAC,Product A,2886.36,18
2025-09-23,C374,Americas,Product C,4909.87,13
2025-06-30,C271,Americas,Product B,1076.43,17
2025-07-02,C114,APAC,Product C,2975.41,12
2025-06-23,C32,APAC,Product A,1786.58,7
2025-09-25,C149,Americas,Product B,3362.32,8
2025-08-26,C150,Americas,Product C,1940.27,11
2025-01-22,C29,EMEA,Product A,1241.67,15
2025-02-19,C44,APAC,Product C,1178.04,13
2025-06-20,C191,Americas,Product A,2787.62,19
2025-01-23,C281,EMEA,Product C,3097.28,5
2025-04-21,C129,APAC,Product B,541.99,12
2025-09-18,C362,Americas,Product C,2306.72,2
2025-01-10,C66,Americas,Product B,3271.93,9
2025-04-22,C314,Americas,Product B,4316.22,12
2025-07-28,C377,APAC,Product A,4811.33,11
2025-08-31,C101,Americas,Product B,4444.93,4
2025-04-21,C227,EMEA,Product B,4487.88,5
2025-08-18,C38,EMEA,Product C,514.48,14
2025-09-17,C119,APAC,Product A,918.46,7
2025-01-04,C336,EMEA,Product C,791.84,4
2025-09-11,C159,EMEA,Product B,4122.45,19
2025-07-30,C314,APAC,Product A,3856.66,6
2025-04-27,C228,Americas,Product C,2480.9,17
2025-07-02,C251,APAC,Product C,1492.75,15
2025-04-28,C148,EMEA,Product A,3368.99,16
2025-02-16,C124,APAC,Product B,4960.07,11
2025-05-17,C61,Americas,Product A,1330.14,10
2025-02-19,C254,APAC,Product C,608.86,13
2025-07-17,C35,EMEA,Product A,4021.62,14
2025-03-10,C74,Americas,Product A,2664.08,5
2025-03-11,C129,EMEA,Product B,3775.73,4
2025-07-01,C152,APAC,Product A,3881.19,4
2025-08-01,C220,APAC,Product B,1061.91,7
2025-06-12,C336,APAC,Product B,1622.96,16
2025-07-01,C44,EMEA,Product A,3995.2,9
2025-08-16,C21,APAC,Product B,2747.38,4
2025-06-27,C399,EMEA,Product C,888.91,18
2025-06-09,C154,EMEA,Product C,4469.61,12
2025-05-22,C69,Americas,Product B,4907.98,3
2025-03-28,C345,APAC,Product A,2587.7,12
2025-06-10,C327,APAC,Product C,1629.35,1
2025-03-22,C43,Americas,Product A,4370.63,9
2025-03-27,C198,EMEA,Product B,867.76,2
2025-03-06,C112,EMEA,Product A,4755.64,2
2025-04-08,C86,Americas,Product C,3429.38,12
2025-02-28,C32,EMEA,Product C,4038.25,7
2025-01-20,C143,EMEA,Product B,3893.48,8
2025-08-01,C168,EMEA,Product B,1574.58,17
2025-03-07,C44,APAC,Product B,2046.48,1
2025-02-11,C279,EMEA,Product B,2173.7,18
2025-07-16,C297,Americas,Product B,923.16,4
2025-03-26,C238,APAC,Product A,2281.87,8
2025-07-29,C263,APAC,Product B,2441.81,16
2025-09-16,C220,Americas,Product C,4925.85,1
2025-01-08,C366,Americas,Product C,1909.23,19
2025-02-01,C16,APAC,Product C,2773.43,1
2025-03-04,C269,EMEA,Product A,3505.64,2
2025-09-17,C247,Americas,Product B,2423.7,5
2025-01-25,C154,APAC,Product A,4203.31,5
2025-08-15,C134,APAC,Product A,1834.2,19
2025-03-01,C364,APAC,Product C,4555.83,12
2025-08-01,C286,APAC,Product B,2536.27,16
2025-06-05,C163,Americas,Product B,3735.85,2
2025-02-10,C279,Americas,Product B,3869.72,16
2025-05-30,C347,Americas,Product C,4296.82,3
2025-07-31,C248,Americas,Product B,1962.97,15
2025-07-20,C343,EMEA,Product A,4266.69,3
2025-01-04,C191,Americas,Product C,1873.9,3
2025-04-27,C39,EMEA,Product B,4566.24,9
2025-09-09,C134,EMEA,Product B,3428.46,2
2025-02-15,C35,EMEA,Product A,2959.92,19
2025-01-30,C281,Americas,Product C,2401.47,8
2025-09-27,C83,Americas,Product C,1073.54,14
2025-07-20,C63,Americas,Product A,4832.65,9
2025-09-08,C398,EMEA,Product A,1766.85,6
2025-06-13,C161,APAC,Product B,707.56,14
2025-07-22,C222,APAC,Product A,1849.64,9
2025-07-15,C110,APAC,Product B,2103.07,9
2025-04-30,C62,APAC,Product C,2890.92,17
2025-06-07,C50,EMEA,Product C,4979.47,5
2025-06-21,C393,APAC,Product A,2863.58,4
2025-02-04,C343,Americas,Product A,613.14,15
2025-03-17,C26,EMEA,Product C,3208.66,8
2025-01-21,C132,EMEA,Product A,3661.85,7
2025-01-28,C194,APAC,Product A,4868.45,2
2025-09-14,C153,APAC,Product B,491.52,18
2025-03-02,C380,EMEA,Product B,4583.21,10
2025-04-03,C291,EMEA,Product C,1382.44,16
2025-08-25,C49,EMEA,Product A,2824.58,14
2025-07-09,C341,Americas,Product A,2024.87,17
2025-07-11,C233,EMEA,Product C,699.74,9
2025-02-06,C307,APAC,Product A,1012.27,7
2025-07-02,C147,Americas,Product A,3539.39,11
2025-05-07,C19,APAC,Product A,2254.43,12
2025-03-13,C240,Americas,Product A,1661.78,1
2025-03-31,C153,Americas,Product B,3746.27,14
2025-06-07,C340,APAC,Product C,682.51,18
2025-05-26,C82,APAC,Product B,4101.6,5
2025-05-27,C378,EMEA,Product A,819.53,19
2025-05-23,C105,Americas,Product B,3508.58,10
2025-09-23,C377,EMEA,Product C,4609.79,7
2025-01-28,C2,APAC,Product B,1042.51,6
2025-09-15,C235,APAC,Product B,1737.73,1
2025-08-01,C279,Americas,Product C,2044.25,6
2025-04-17,C73,EMEA,Product C,849.27,6
2025-05-02,C195,EMEA,Product B,2229.08,12
2025-02-10,C313,EMEA,Product C,3119.89,4
2025-06-16,C56,EMEA,Product A,3405.83,1
2025-07-12,C126,Americas,Product C,614.51,11
2025-03-05,C204,EMEA,Product B,4287.76,6
2025-01-31,C376,EMEA,Product A,4874.11,3
2025-03-16,C363,APAC,Product B,675.48,10
2025-02-20,C245,APAC,Product C,1161.78,10
2025-05-02,C35,APAC,Product B,2186.62,6
2025-07-15,C77,Americas,Product A,4928.06,15
2025-05-06,C278,EMEA,Product A,4868.34,4
2025-03-10,C365,APAC,Product A,2895.16,19
2025-02-11,C341,Americas,Product A,1375.81,14
2025-01-21,C385,Americas,Product C,2951.72,3
2025-04-21,C99,Americas,Product C,4020.75,18
2025-04-14,C341,APAC,Product B,2576.5,8
2025-01-05,C64,EMEA,Product B,1524.87,2
2025-09-24,C149,EMEA,Product C,4414.86,11
2025-01-05,C12,Americas,Product A,4446.91,6
2025-01-17,C236,Americas,Product B,4914.44,6
2025-07-02,C216,EMEA,Product B,2851.0,15
2025-07-22,C179,Americas,Product C,3097.76,14
2025-08-07,C239,EMEA,Product C,3209.53,4
2025-06-12,C337,APAC,Product A,767.62,17
2025-08-13,C323,Americas,Product C,1903.55,5
2025-01-13,C208,Americas,Product A,4668.72,18
2025-01-22,C394,EMEA,Product C,4424.22,10
2025-05-06,C35,EMEA,Product B,2000.33,15
2025-06-12,C327,Americas,Product B,4228.11,7
2025-03-08,C399,Americas,Product A,3348.08,5
2025-05-21,C201,Americas,Product A,4198.67,1
2025-06-13,C265,Americas,Product C,898.72,2
2025-09-17,C72,EMEA,Product B,1877.62,3
2025-07-07,C83,EMEA,Product B,527.4,6
2025-01-16,C234,EMEA,Product A,2752.81,16
2025-07-07,C111,APAC,Product B,1387.76,2
2025-08-03,C118,Americas,Product B,1697.76,7
2025-02-22,C269,Americas,Product A,3382.14,19
2025-02-22,C337,EMEA,Product A,1053.14,10
2025-01-10,C160,Americas,Product B,822.99,18
2025-01-14,C335,EMEA,Product B,4201.41,4
2025-07-24,C290,Americas,Product B,2306.51,18
2025-09-05,C49,EMEA,Product C,1721.96,15
2025-08-29,C214,EMEA,Product B,3717.67,6
2025-07-28,C390,APAC,Product B,1560.81,5
2025-06-06,C147,Americas,Product A,2121.05,9
2025-06-11,C141,APAC,Product B,4513.42,19
2025-06-26,C186,EMEA,Product C,901.8,1
2025-08-05,C213,Americas,Product B,1126.02,11
2025-01-13,C281,APAC,Product C,4778.48,9
2025-01-21,C298,EMEA,Product C,3398.67,17
2025-04-11,C41,EMEA,Product C,2751.81,3
2025-05-26,C380,EMEA,Product C,2164.16,7
2025-01-13,C386,EMEA,Product A,2371.09,16
2025-05-17,C100,EMEA,Product C,3787.23,13
2025-06-22,C263,APAC,Product A,1114.7,4
2025-01-03,C310,APAC,Product A,3569.87,1
2025-01-21,C49,APAC,Product C,3500.9,10
2025-02-22,C13,APAC,Product A,3596.2,5
2025-04-12,C398,APAC,Product B,3692.22,10
2025-06-12,C268,EMEA,Product C,1986.09,11
2025-08-16,C340,APAC,Product B,2129.36,16
2025-06-24,C181,APAC,Product B,4357.08,10
2025-07-06,C134,EMEA,Product A,1040.93,7
2025-08-12,C7,APAC,Product A,3825.62,12
2025-01-16,C135,EMEA,Product A,3409.06,4
2025-04-21,C217,EMEA,Product C,4233.93,8
2025-02-14,C157,EMEA,Product C,3695.61,2
2025-08-14,C218,EMEA,Product C,768.72,4
2025-03-31,C96,Americas,Product C,4033.35,18
2025-05-23,C59,EMEA,Product B,2145.56,12
2025-07-18,C301,APAC,Product B,2587.42,19
2025-09-24,C321,Americas,Product C,1237.46,17
2025-06-24,C47,Americas,Product B,2614.95,9
2025-06-23,C84,APAC,Product A,4687.73,9
2025-09-05,C226,APAC,Product B,1115.18,15
2025-08-12,C390,EMEA,Product A,4830.4,6
2025-03-03,C302,Americas,Product B,2960.87,13
2025-08-11,C8,APAC,Product B,2632.7,12
2025-08-23,C333,EMEA,Product A,4915.37,18
2025-01-11,C68,EMEA,Product B,990.02,3
2025-09-09,C332,Americas,Product C,4915.15,11
2025-03-30,C374,Americas,Product C,828.87,18
2025-06-03,C125,APAC,Product C,3794.55,2
2025-09-30,C247,Americas,Product A,4788.04,8
2025-05-21,C94,Americas,Product B,3732.49,1
2025-02-08,C86,Americas,Product B,3972.32,12
2025-05-17,C156,Americas,Product A,2196.43,10
2025-09-12,C322,EMEA,Product B,1947.51,8
2025-04-01,C364,APAC,Product C,631.26,13
2025-06-22,C247,APAC,Product A,1192.13,2
2025-05-09,C323,APAC,Product A,2666.97,3
2025-04-09,C17,Americas,Product C,1739.97,18
2025-06-22,C324,APAC,Product A,2113.6,1
2025-04-24,C116,Americas,Product B,4632.08,10
2025-07-22,C278,Americas,Product A,662.08,2
2025-08-25,C312,APAC,Product A,3736.22,19
2025-05-29,C109,EMEA,Product B,4278.47,7
2025-06-03,C279,Americas,Product A,3933.99,10
2025-03-25,C41,EMEA,Product A,3160.09,16
2025-05-27,C324,EMEA,Product B,1431.84,15
2025-07-14,C189,APAC,Product C,4261.22,4
2025-01-24,C181,EMEA,Product C,2820.47,13
2025-03-10,C313,EMEA,Product A,3944.96,6
2025-05-18,C317,APAC,Product C,1868.89,3
2025-06-28,C239,APAC,Product B,3792.76,9
2025-01-30,C206,APAC,Product A,1637.66,16
2025-02-16,C22,Americas,Product C,1492.2,8
2025-08-29,C202,EMEA,Product C,2950.24,2
2025-09-12,C10,EMEA,Product A,4785.0,17
2025-02-17,C357,APAC,Product A,1084.74,6
2025-08-29,C81,EMEA,Product A,1274.4,9
2025-03-29,C379,APAC,Product C,3714.47,6
2025-01-01,C126,APAC,Product B,3780.41,17
2025-09-08,C262,APAC,Product A,2054.04,3
2025-03-04,C192,Americas,Product C,2458.96,1
2025-09-28,C43,EMEA,Product B,572.28,3
2025-03-19,C247,Americas,Product B,4294.75,4
2025-08-04,C168,Americas,Product C,3677.87,19
2025-07-12,C240,APAC,Product B,619.93,3
2025-05-27,C89,EMEA,Product C,4457.03,4
2025-05-31,C328,APAC,Product B,3527.16,7
2025-07-25,C83,EMEA,Product C,4328.06,19
2025-07-29,C126,APAC,Product A,2969.86,11
2025-05-20,C334,EMEA,Product A,2437.43,5
2025-04-28,C368,APAC,Product A,1785.91,9
2025-01-19,C47,EMEA,Product C,754.64,7
2025-05-21,C14,Americas,Product C,3345.27,19
2025-05-08,C319,Americas,Product A,1963.64,10
2025-02-26,C17,APAC,Product B,2834.15,2
2025-01-06,C82,EMEA,Product B,2999.73,9
2025-08-07,C266,EMEA,Product C,1689.24,2
2025-07-27,C154,EMEA,Product B,3604.0,11
2025-08-07,C41,APAC,Product B,484.5,12
2025-03-25,C290,APAC,Product B,1703.31,3
2025-05-14,C352,APAC,Product B,2528.09,16
2025-08-21,C65,EMEA,Product C,3189.51,19
2025-06-03,C150,EMEA,Product A,4751.31,19
2025-02-17,C25,APAC,Product B,3313.42,13
2025-03-09,C385,Americas,Product A,2526.14,10
2025-03-14,C262,Americas,Product B,3827.34,16
2025-06-15,C178,APAC,Product B,3842.71,3
2025-09-01,C367,Americas,Product C,4132.35,15
2025-05-12,C248,EMEA,Product A,2472.73,17
2025-02-12,C168,EMEA,Product B,3653.9,7
2025-09-02,C225,Americas,Product C,632.77,14
2025-03-10,C61,APAC,Product B,781.37,18
2025-06-10,C138,EMEA,Product B,2174.9,18
2025-02-07,C174,EMEA,Product C,1774.87,3
2025-04-01,C209,EMEA,Product C,3968.34,9
2025-04-17,C353,EMEA,Product A,4393.37,5
2025-05-17,C58,APAC,Product C,2544.55,11
2025-05-03,C114,Americas,Product B,2747.44,11
2025-02-06,C150,Americas,Product B,4211.34,11
2025-07-05,C61,APAC,Product B,1657.1,11
2025-03-29,C3,Americas,Product C,1764.67,14
2025-08-30,C133,EMEA,Product B,1217.72,17
2025-07-21,C109,Americas,Product B,4467.61,15
2025-03-25,C140,EMEA,Product A,535.84,10
2025-01-23,C52,APAC,Product A,2092.05,13
2025-02-01,C177,Americas,Product A,1970.34,10
2025-04-07,C109,APAC,Product A,2267.29,3
2025-02-08,C87,APAC,Product B,4075.19,17
2025-03-17,C383,Americas,Product C,2365.32,9
2025-08-27,C372,EMEA,Product A,3748.68,15
2025-04-22,C85,APAC,Product A,3832.82,2
2025-05-14,C289,Americas,Product B,1226.13,17
2025-05-06,C122,APAC,Product B,4467.48,10
2025-04-25,C11,APAC,Product A,1453.52,14
2025-06-16,C118,APAC,Product B,1704.2,15
2025-06-01,C289,EMEA,Product A,2366.31,1
2025-01-19,C354,EMEA,Product C,3891.18,19
2025-05-21,C239,Americas,Product B,599.64,13
2025-02-17,C128,EMEA,Product A,2017.43,17
2025-03-12,C7,APAC,Product B,4530.54,17
2025-04-13,C171,EMEA,Product A,3251.01,3
2025-07-26,C380,Americas,Product C,3598.84,16
2025-01-25,C321,Americas,Product A,2910.45,16
2025-04-28,C147,Americas,Product B,2797.53,2
2025-09-28,C57,EMEA,Product A,2343.83,8
2025-05-26,C22,Americas,Product B,801.38,6
2025-07-23,C313,APAC,Product C,799.54,17
2025-06-22,C335,EMEA,Product A,4117.17,10
2025-08-09,C320,EMEA,Product C,2077.34,8
2025-02-28,C331,Americas,Product C,2162.67,11
2025-04-06,C256,APAC,Product C,4241.15,17
2025-06-08,C48,Americas,Product A,966.55,4
2025-05-16,C318,EMEA,Product B,4018.82,7
2025-07-28,C29,APAC,Product C,3292.13,7
2025-04-02,C215,APAC,Product B,3874.9,3
2025-03-05,C62,Americas,Product B,3104.63,10
2025-06-19,C8,EMEA,Product C,1719.24,8
2025-02-28,C94,APAC,Product A,1467.11,12
2025-05-18,C218,EMEA,Product C,3010.67,2
2025-06-27,C318,EMEA,Product B,2528.49,17
2025-03-03,C222,EMEA,Product C,3365.43,1
2025-06-22,C269,Americas,Product A,3625.88,4
2025-03-15,C279,EMEA,Product C,4197.42,6
2025-07-23,C22,APAC,Product A,2587.96,6
2025-04-06,C302,APAC,Product A,3335.18,18
2025-06-25,C232,APAC,Product B,4496.53,7
2025-04-14,C331,EMEA,Product B,4301.92,1
2025-07-01,C276,Americas,Product B,927.13,12
2025-04-01,C347,Americas,Product B,525.73,3
2025-05-23,C187,APAC,Product A,1085.36,19
2025-03-27,C356,APAC,Product B,4624.71,15
2025-09-13,C197,EMEA,Product C,4722.86,10
2025-01-25,C171,APAC,Product A,3905.29,2
2025-03-15,C211,APAC,Product A,1529.94,11
2025-04-20,C389,EMEA,Product A,3348.83,19
2025-05-29,C166,Americas,Product B,4119.86,14
2025-07-22,C55,Americas,Product A,3536.54,18
2025-03-16,C59,APAC,Product A,744.76,9
2025-07-01,C327,APAC,Product C,3865.07,4
2025-07-12,C209,APAC,Product B,1528.96,14
2025-05-22,C375,APAC,Product B,4005.96,11
2025-07-26,C166,Americas,Product B,3585.65,3
2025-06-05,C322,EMEA,Product B,4467.27,5
2025-08-18,C364,EMEA,Product B,3124.36,8
2025-05-30,C209,Americas,Product A,2405.01,16
2025-08-23,C155,APAC,Product A,4892.84,9
2025-06-28,C223,APAC,Product B,3610.45,8
2025-07-26,C380,Americas,Product B,1075.72,7
2025-04-29,C350,EMEA,Product A,4336.46,19
2025-01-11,C290,Americas,Product C,1448.57,18
2025-08-04,C387,APAC,Product C,1162.74,5
2025-05-06,C110,APAC,Product C,4092.32,8
2025-04-03,C49,APAC,Product B,1654.08,4
2025-05-05,C4,APAC,Product A,1265.52,18
2025-06-15,C278,Americas,Product C,1721.15,2
2025-01-31,C192,APAC,Product B,4117.12,6
2025-09-23,C112,EMEA,Product B,1902.6,17
2025-03-06,C106,EMEA,Product C,2280.69,2
2025-09-22,C371,APAC,Product A,3084.29,12
2025-04-16,C13,APAC,Product C,1068.6,17
2025-02-01,C82,Americas,Product B,1378.25,13
2025-07-27,C327,EMEA,Product B,4272.04,3
2025-02-17,C187,EMEA,Product C,3643.39,8
2025-08-17,C346,EMEA,Product A,3106.92,14
2025-04-05,C333,EMEA,Product C,4695.45,6
2025-07-10,C131,EMEA,Product A,1753.89,13
2025-09-03,C200,Americas,Product B,3217.33,8
2025-07-04,C256,Americas,Product C,4725.03,12
2025-06-26,C190,Americas,Product A,4081.67,9
2025-09-11,C388,EMEA,Product C,3150.2,13
2025-02-14,C205,Americas,Product B,740.82,17
2025-09-30,C279,APAC,Product B,2860.96,14
2025-09-21,C229,Americas,Product C,4587.96,17
2025-06-05,C210,Americas,Product C,2692.69,17
2025-01-13,C338,Americas,Product A,3686.55,13
2025-06-20,C337,APAC,Product A,704.54,8
2025-04-26,C53,EMEA,Product B,3980.99,1
2025-05-17,C331,Americas,Product A,4082.03,2
2025-07-27,C237,APAC,Product C,2595.57,14
2025-03-13,C42,Americas,Product A,3248.47,19
2025-05-19,C221,EMEA,Product C,3977.47,8
2025-02-25,C192,EMEA,Product B,1931.22,19
2025-07-19,C344,Americas,Product C,2383.62,17
2025-05-29,C359,Americas,Product C,686.75,17
2025-01-06,C38,EMEA,Product B,1830.45,5
2025-09-01,C164,Americas,Product B,4608.19,13
2025-02-27,C188,Americas,Product A,2060.99,14
2025-03-24,C184,APAC,Product C,1140.15,1
2025-07-29,C208,Americas,Product A,4709.68,18
2025-05-17,C142,APAC,Product C,1177.13,13
2025-01-25,C118,Americas,Product C,1609.96,10
2025-03-14,C152,Americas,Product B,1297.37,5
2025-07-14,C105,Americas,Product A,530.95,12
2025-06-24,C140,EMEA,Product C,2105.46,4
2025-03-28,C66,APAC,Product A,2480.26,3
2025-05-29,C372,EMEA,Product A,4201.23,6
2025-09-10,C302,EMEA,Product B,1116.9,5
2025-03-11,C91,Americas,Product C,568.3,18
2025-05-29,C192,Americas,Product B,2854.14,3
2025-02-09,C200,EMEA,Product A,4741.97,11
2025-03-02,C311,Americas,Product B,3095.86,5
2025-02-25,C73,APAC,Product B,1466.13,16
2025-01-02,C108,Americas,Product C,3464.23,12
2025-03-31,C381,Americas,Product C,3025.65,9
2025-04-13,C162,Americas,Product A,1580.32,12
2025-02-09,C191,Americas,Product A,1637.86,10
2025-07-01,C166,Americas,Product C,4193.13,3
2025-07-27,C90,EMEA,Product C,733.04,13
2025-05-25,C163,Americas,Product B,4608.02,14
2025-01-14,C283,EMEA,Product A,3094.13,13
2025-08-29,C197,APAC,Product C,575.4,17
2025-08-05,C20,EMEA,Product C,2640.18,6
2025-07-17,C273,EMEA,Product B,4870.18,14
2025-01-13,C63,APAC,Product C,2805.35,11
2025-08-27,C100,EMEA,Product A,3417.06,3
2025-05-02,C327,Americas,Product A,2471.8,11
2025-02-19,C128,APAC,Product A,2892.47,14
2025-08-27,C190,APAC,Product C,631.2,4
2025-08-25,C280,Americas,Product C,1541.21,15
2025-06-20,C264,APAC,Product C,1492.01,7
2025-04-13,C286,EMEA,Product A,1785.65,10
2025-08-18,C60,EMEA,Product A,4014.34,2
2025-06-20,C390,Americas,Product C,4248.18,14
2025-04-18,C106,EMEA,Product C,2752.15,18
2025-09-28,C212,EMEA,Product A,1888.11,6
2025-04-22,C139,Americas,Product C,1723.99,11
2025-04-06,C389,Americas,Product A,3777.67,6
2025-01-22,C267,APAC,Product B,4024.84,13
2025-09-08,C87,Americas,Product A,3215.88,14
2025-08-13,C279,EMEA,Product C,4723.38,10
2025-03-24,C256,Americas,Product A,1882.47,2
2025-08-25,C206,EMEA,Product C,3907.77,10
2025-04-04,C355,APAC,Product A,735.76,16
2025-08-14,C214,APAC,Product C,606.68,13
2025-07-28,C298,APAC,Product B,2801.45,18
2025-02-23,C187,APAC,Product A,543.59,16
2025-09-19,C304,Americas,Product C,1878.95,10
2025-03-17,C315,EMEA,Product C,528.16,15
2025-03-13,C63,Americas,Product C,2809.32,8
2025-01-12,C253,EMEA,Product C,4125.42,17
2025-01-08,C76,Americas,Product B,2018.54,5
2025-05-31,C180,APAC,Product B,3482.58,5
2025-07-14,C275,EMEA,Product C,2884.73,13
2025-04-16,C285,APAC,Product A,3920.72,6
2025-06-13,C356,EMEA,Product B,755.06,13
2025-02-03,C356,APAC,Product B,4892.15,15
2025-08-19,C239,APAC,Product B,949.44,15
2025-05-28,C343,EMEA,Product B,2286.46,11
2025-06-14,C77,APAC,Product A,4953.9,10
2025-05-17,C159,APAC,Product C,1027.76,3
2025-07-08,C322,EMEA,Product C,2604.57,10
2025-05-10,C16,EMEA,Product A,2753.2,14
2025-09-02,C341,EMEA,Product A,1081.29,4
2025-04-05,C321,EMEA,Product C,4963.83,15
2025-06-30,C260,Americas,Product B,3211.11,12
2025-01-19,C195,APAC,Product B,3532.28,12
2025-07-14,C305,EMEA,Product A,4747.68,16
2025-07-01,C96,EMEA,Product B,1145.28,10
2025-08-13,C303,EMEA,Product A,3435.06,5
2025-09-03,C242,APAC,Product B,629.42,11
2025-02-10,C12,Americas,Product B,3173.64,8
2025-03-14,C226,EMEA,Product A,3302.3,16
2025-02-08,C164,EMEA,Product A,3527.81,2
2025-06-08,C12,Americas,Product B,726.88,5
2025-06-05,C394,APAC,Product C,2751.25,14
2025-05-26,C332,APAC,Product B,4627.71,6
2025-02-05,C336,Americas,Product B,2864.62,4
2025-08-05,C18,APAC,Product A,3558.35,6
2025-07-14,C187,APAC,Product A,1723.8,5
2025-05-29,C206,EMEA,Product B,2490.65,6
2025-03-28,C15,EMEA,Product C,1068.22,12
2025-06-18,C283,EMEA,Product B,1932.18,8
2025-09-13,C245,Americas,Product C,4510.4,3
2025-09-30,C288,EMEA,Product B,558.04,8
2025-09-08,C326,Americas,Product A,2815.08,2
2025-08-07,C343,APAC,Product C,2660.21,11
2025-02-23,C16,EMEA,Product A,894.42,3
2025-01-20,C111,EMEA,Product A,1940.12,1
2025-07-13,C112,EMEA,Product B,3165.36,19
2025-06-10,C364,EMEA,Product C,3499.78,12
2025-07-31,C243,Americas,Product A,4118.43,19
2025-04-12,C188,APAC,Product C,1339.88,15
2025-02-12,C115,APAC,Product B,2856.04,11
2025-03-18,C268,EMEA,Product C,4245.88,15
2025-09-24,C98,EMEA,Product C,4696.45,11
2025-08-18,C328,EMEA,Product A,4896.64,15
2025-09-20,C396,EMEA,Product A,4984.55,6
2025-05-20,C309,EMEA,Product A,2883.71,16
2025-09-26,C116,Americas,Product B,1863.58,4
2025-03-16,C11,Americas,Product C,2543.83,9
2025-08-03,C367,Americas,Product B,3130.44,19
2025-06-13,C273,APAC,Product C,3461.46,3
2025-07-27,C110,APAC,Product A,4426.95,19
2025-04-16,C244,EMEA,Product A,2489.15,6
2025-03-28,C210,EMEA,Product C,3419.44,17
2025-06-18,C381,APAC,Product A,3208.13,18
2025-08-18,C188,Americas,Product A,1070.71,2
2025-01-04,C260,Americas,Product C,3641.89,1
2025-03-12,C8,EMEA,Product A,943.67,19
2025-09-01,C377,APAC,Product C,3167.47,18
2025-06-05,C187,APAC,Product C,1181.5,4
2025-01-17,C39,EMEA,Product B,3898.1,9
2025-05-12,C108,APAC,Product B,2645.77,12
2025-08-10,C253,EMEA,Product B,1746.81,1
2025-03-28,C200,APAC,Product B,3749.3,19
2025-04-11,C249,EMEA,Product B,4711.72,10
2025-02-02,C393,APAC,Product B,3280.69,12
2025-09-04,C271,APAC,Product C,1094.81,2
2025-06-29,C135,APAC,Product B,1071.93,11
2025-07-29,C364,EMEA,Product A,4574.92,11
2025-03-09,C22,APAC,Product A,2765.96,2
2025-06-21,C185,Americas,Product B,4029.82,16
2025-06-16,C265,EMEA,Product C,3315.43,13
2025-05-30,C53,APAC,Product C,4044.84,10
2025-09-08,C123,EMEA,Product C,3313.98,15
2025-09-23,C396,APAC,Product C,3191.04,15
2025-03-18,C122,Americas,Product C,2222.53,15
2025-06-28,C16,APAC,Product A,2989.81,13
2025-07-14,C327,Americas,Product B,4819.06,15
2025-04-12,C1,Americas,Product B,2935.72,10
2025-07-27,C12,Americas,Product A,847.34,17
2025-07-07,C377,APAC,Product B,963.79,11
2025-05-14,C190,EMEA,Product C,711.38,13
2025-02-12,C319,EMEA,Product B,3525.75,19
2025-02-25,C220,EMEA,Product C,2361.55,1
2025-03-09,C392,APAC,Product B,686.43,6
2025-04-04,C118,EMEA,Product A,936.35,18
2025-03-07,C319,EMEA,Product A,2637.9,12
2025-04-24,C35,EMEA,Product C,4020.92,7
2025-01-26,C216,Americas,Product B,3786.1,9
2025-07-12,C275,EMEA,Product C,3255.24,18
2025-03-17,C28,Americas,Product C,2174.54,17
2025-02-06,C168,EMEA,Product B,3435.24,16
2025-05-06,C28,EMEA,Product B,766.3,16
2025-06-22,C85,APAC,Product C,4771.73,8
2025-03-26,C115,Americas,Product A,2094.7,11
2025-06-07,C225,Americas,Product B,3090.17,7
2025-03-29,C50,Americas,Product C,2096.74,16
2025-05-14,C287,APAC,Product A,3053.26,8
2025-04-22,C101,APAC,Product A,1099.32,17
2025-01-28,C297,EMEA,Product A,1935.7,6
2025-09-06,C142,APAC,Product B,364.65,2
2025-06-17,C152,APAC,Product A,2622.42,19
2025-05-26,C35,Americas,Product A,1064.19,1
2025-06-02,C345,APAC,Product B,3097.03,16
2025-08-14,C16,EMEA,Product C,2433.53,19
2025-05-09,C236,APAC,Product A,1709.59,8
2025-02-03,C122,EMEA,Product A,3145.96,6
2025-02-17,C30,APAC,Product C,1273.23,18
2025-03-29,C4,EMEA,Product A,3221.78,8
2025-01-09,C272,APAC,Product B,4697.39,15
2025-04-09,C276,EMEA,Product A,2563.33,15
2025-05-26,C109,Americas,Product A,4692.83,10
2025-07-08,C366,APAC,Product C,721.49,9
2025-04-27,C397,APAC,Product A,1121.56,4
2025-05-21,C73,EMEA,Product B,4602.77,7
2025-05-10,C320,EMEA,Product C,3291.67,7
2025-05-31,C223,EMEA,Product B,4018.51,18
2025-08-24,C13,APAC,Product A,3522.69,7
2025-08-08,C99,APAC,Product B,1290.8,18
2025-03-16,C315,EMEA,Product A,1545.01,19
2025-05-24,C217,Americas,Product A,2166.04,12
2025-02-04,C100,Americas,Product A,3459.72,7
2025-01-30,C232,APAC,Product A,4564.62,19
2025-03-13,C191,APAC,Product C,4439.7,13
2025-01-07,C6,Americas,Product B,1731.64,18
2025-08-03,C337,Americas,Product B,1992.28,14
2025-06-01,C284,APAC,Product C,1039.79,3
2025-03-16,C176,Americas,Product B,2504.34,7
2025-08-10,C224,Americas,Product C,4755.87,7
2025-04-19,C196,Americas,Product C,868.85,3
2025-09-03,C219,APAC,Product C,3728.59,16
2025-08-18,C331,APAC,Product C,1257.25,10
2025-06-27,C383,EMEA,Product A,2800.01,17
2025-08-15,C99,Americas,Product C,3692.25,14
2025-09-10,C24,Americas,Product C,4456.76,18
2025-02-19,C70,APAC,Product B,712.39,15
2025-02-19,C47,EMEA,Product C,1619.56,13
2025-07-08,C269,APAC,Product B,2761.09,1
2025-02-03,C98,EMEA,Product B,2048.41,18
2025-07-11,C347,EMEA,Product B,784.08,2
2025-07-28,C93,EMEA,Product A,3179.15,3
2025-09-29,C336,Americas,Product A,1118.13,2
2025-05-12,C81,EMEA,Product B,3858.63,7
2025-03-10,C201,Americas,Product C,746.3,5
2025-07-04,C320,APAC,Product C,4617.51,2
2025-06-06,C327,APAC,Product B,4442.87,1
2025-04-07,C171,Americas,Product A,2069.74,1
2025-04-16,C290,APAC,Product B,986.13,18
2025-02-25,C113,EMEA,Product B,2534.91,5
2025-06-20,C146,EMEA,Product B,4448.53,19
2025-09-07,C146,EMEA,Product C,4136.31,10
2025-09-20,C68,Americas,Product B,4021.25,14
2025-02-21,C334,Americas,Product A,3678.67,9
2025-09-08,C179,APAC,Product B,933.84,6
2025-05-08,C65,Americas,Product C,502.69,17
2025-01-24,C319,EMEA,Product C,1342.06,3
2025-03-03,C126,EMEA,Product B,4898.73,19
2025-02-11,C247,APAC,Product C,2026.95,17
2025-07-26,C375,Americas,Product B,3730.7,19
2025-02-26,C385,APAC,Product C,3923.99,6
2025-06-28,C379,EMEA,Product A,4368.4,8
2025-01-26,C192,EMEA,Product A,4263.89,11
2025-09-30,C181,Americas,Product C,4913.57,7
2025-04-18,C206,APAC,Product B,4786.33,14
2025-01-16,C125,APAC,Product C,3654.21,17
2025-05-20,C239,Americas,Product A,3404.9,6
2025-07-30,C23,EMEA,Product A,1336.83,13
2025-02-13,C109,Americas,Product A,693.95,5
2025-05-10,C294,Americas,Product A,2786.64,16
2025-06-03,C34,Americas,Product C,1364.07,1
2025-06-18,C32,EMEA,Product C,4493.61,18
2025-02-12,C180,APAC,Product A,3028.39,6
2025-04-13,C228,EMEA,Product B,3184.1,17
2025-04-07,C307,APAC,Product C,3459.94,12
2025-02-25,C284,EMEA,Product C,3916.9,17
2025-07-06,C114,Americas,Product B,2202.01,7
2025-01-13,C203,APAC,Product C,2355.65,10
2025-01-25,C41,EMEA,Product C,891.82,13
2025-04-30,C352,EMEA,Product A,4320.16,9
2025-09-30,C203,APAC,Product B,855.64,18
2025-07-02,C274,APAC,Product B,1743.31,10
2025-07-31,C14,Americas,Product B,1405.69,17
2025-06-06,C376,APAC,Product B,2759.04,15
2025-04-17,C271,APAC,Product A,1656.78,5
2025-09-04,C154,Americas,Product B,2406.97,14
2025-04-02,C298,EMEA,Product A,1356.52,19
2025-09-30,C131,APAC,Product A,1904.86,11
2025-02-18,C356,Americas,Product C,4935.96,7
2025-02-15,C129,Americas,Product A,3851.71,17
2025-01-25,C348,EMEA,Product B,3125.4,6
2025-05-28,C154,APAC,Product A,1486.07,14
2025-07-18,C63,EMEA,Product A,2671.71,3
2025-03-09,C108,Americas,Product C,3259.18,17
2025-05-20,C216,Americas,Product A,3682.76,2
2025-08-24,C87,APAC,Product B,359.63,15
2025-07-24,C130,EMEA,Product B,1122.66,14
2025-07-02,C78,Americas,Product B,4349.98,16
2025-06-11,C192,Americas,Product B,807.98,4
2025-01-18,C373,APAC,Product C,3263.6,19
2025-03-12,C155,EMEA,Product C,2030.02,11
2025-05-15,C387,Americas,Product C,1733.54,5
2025-01-23,C93,Americas,Product A,3358.96,6
2025-01-17,C328,EMEA,Product A,4264.39,10
2025-02-04,C140,APAC,Product C,3736.6,6
2025-04-29,C145,APAC,Product A,4197.39,3
2025-08-11,C397,EMEA,Product C,3202.62,2
2025-04-16,C197,Americas,Product A,4864.18,19
2025-05-10,C392,APAC,Product B,3162.73,19
2025-09-24,C2,EMEA,Product C,1619.69,8
2025-09-07,C212,APAC,Product A,3776.06,16
2025-01-08,C14,Americas,Product B,2463.11,16
2025-08-30,C167,APAC,Product A,1115.8,7
2025-05-09,C44,Americas,Product B,665.21,12
2025-05-25,C266,EMEA,Product B,2682.58,8
2025-09-05,C289,APAC,Product A,1564.74,18
2025-08-08,C110,APAC,Product B,826.39,10
2025-02-01,C226,Americas,Product A,1036.45,8
2025-03-05,C18,EMEA,Product A,4297.97,15
2025-08-17,C246,APAC,Product C,4373.6,18
2025-04-20,C309,EMEA,Product A,4481.64,10
2025-06-26,C161,Americas,Product B,3040.88,15
2025-01-13,C229,Americas,Product B,3338.47,19
2025-09-08,C34,APAC,Product A,930.38,8
2025-01-18,C182,Americas,Product A,1240.7,13
2025-09-16,C255,Americas,Product C,960.65,12
2025-04-18,C258,Americas,Product A,4373.01,5
2025-03-29,C188,APAC,Product C,3117.75,9
2025-02-01,C330,APAC,Product A,3419.07,13
2025-06-18,C248,APAC,Product B,4302.37,7
2025-02-09,C240,EMEA,Product C,1854.35,4
2025-07-17,C151,EMEA,Product C,3631.08,16
2025-08-25,C151,APAC,Product C,4312.71,16
2025-07-08,C300,Americas,Product C,594.54,12
2025-03-31,C12,Americas,Product A,890.18,5
2025-09-01,C366,EMEA,Product C,1101.63,2
2025-04-13,C42,Americas,Product B,2135.32,6
2025-06-30,C256,APAC,Product A,3943.92,19
2025-03-15,C261,APAC,Product C,3823.46,19
2025-07-01,C336,APAC,Product B,2953.96,8
2025-08-03,C61,EMEA,Product A,2455.39,18
2025-03-04,C260,EMEA,Product B,3902.87,9
2025-09-12,C336,EMEA,Product C,1812.62,12
2025-04-26,C352,APAC,Product B,2162.09,17
2025-09-08,C246,APAC,Product C,3097.47,7
2025-03-31,C132,EMEA,Product B,4080.47,17
2025-02-28,C49,EMEA,Product C,1653.86,8
2025-09-04,C168,Americas,Product C,2157.13,16
2025-02-20,C380,EMEA,Product C,4594.69,16
2025-07-04,C195,Americas,Product C,2496.04,17
2025-04-24,C76,Americas,Product C,2420.86,4
2025-02-13,C84,APAC,Product C,1213.02,15
2025-05-31,C145,Americas,Product A,2307.64,18
2025-02-06,C206,Americas,Product B,3267.79,4
2025-01-19,C117,EMEA,Product C,542.95,4
2025-02-03,C42,Americas,Product C,4946.56,9
2025-08-19,C128,Americas,Product B,1646.37,19
2025-07-12,C30,Americas,Product C,3361.6,17
2025-09-22,C308,APAC,Product B,662.97,8
2025-06-15,C161,EMEA,Product C,4025.76,13
2025-04-07,C378,EMEA,Product C,2909.94,12
2025-09-23,C219,EMEA,Product A,4522.7,16
2025-08-26,C156,EMEA,Product B,1754.12,5
2025-04-30,C93,EMEA,Product C,1771.48,19
2025-07-12,C233,EMEA,Product B,3103.44,8
2025-06-02,C172,EMEA,Product B,787.55,13
2025-07-03,C373,Americas,Product C,2268.09,13
2025-03-28,C211,Americas,Product A,4148.08,7
2025-04-28,C329,APAC,Product B,4740.67,17
2025-09-15,C373,EMEA,Product C,3799.22,7
2025-03-22,C197,Americas,Product A,750.68,12
2025-07-15,C152,EMEA,Product A,1722.49,14
2025-05-26,C17,APAC,Product C,3251.04,11
2025-04-09,C252,APAC,Product A,2061.32,9
2025-09-28,C283,APAC,Product A,2812.4,19
2025-03-17,C129,Americas,Product A,1509.72,10
2025-02-16,C342,APAC,Product B,1319.28,18
2025-01-27,C82,Americas,Product C,1127.53,12
2025-03-13,C38,EMEA,Product B,3469.97,9
2025-07-20,C82,APAC,Product C,3198.19,5
2025-08-08,C204,EMEA,Product C,4849.8,2
2025-08-23,C381,APAC,Product C,1730.64,6
2025-03-09,C185,Americas,Product A,2090.63,12
2025-04-16,C380,APAC,Product B,530.58,12
2025-05-26,C122,Americas,Product C,3094.45,17
2025-07-15,C252,EMEA,Product A,3721.93,7
2025-04-29,C314,APAC,Product B,3182.64,19
2025-02-13,C3,EMEA,Product B,4297.16,10
2025-02-20,C7,APAC,Product A,2065.2,13
2025-01-04,C211,APAC,Product A,1720.14,5
2025-08-07,C4,EMEA,Product A,2259.13,3
2025-09-16,C310,EMEA,Product A,806.17,3
2025-02-25,C334,EMEA,Product A,4362.45,13
2025-06-04,C258,EMEA,Product A,774.07,13
2025-06-29,C22,APAC,Product C,4398.05,15
2025-04-17,C396,Americas,Product C,4172.42,5
2025-03-25,C181,Americas,Product A,1513.22,13
2025-09-25,C40,EMEA,Product B,1203.63,16
2025-05-08,C218,APAC,Product C,1673.19,11
2025-04-27,C67,EMEA,Product B,3715.07,8
2025-01-31,C70,APAC,Product C,1834.0,9
2025-01-20,C396,APAC,Product B,2507.77,7
2025-02-08,C91,Americas,Product C,1235.99,14
2025-03-11,C335,APAC,Product B,3327.83,17
2025-03-13,C239,EMEA,Product A,2562.64,5
2025-06-15,C320,APAC,Product A,2457.57,10
2025-03-20,C16,APAC,Product B,1491.47,6
2025-06-12,C169,EMEA,Product B,2876.85,16
2025-04-02,C189,Americas,Product A,3840.34,13
2025-05-08,C38,EMEA,Product C,1670.22,5
2025-08-14,C147,Americas,Product B,2781.5,9
2025-03-05,C39,APAC,Product A,1267.71,4
2025-01-03,C97,Americas,Product A,4688.03,6
2025-07-22,C102,Americas,Product A,2335.53,14
2025-03-07,C123,APAC,Product C,3564.29,1
2025-04-09,C43,EMEA,Product C,3955.44,6
2025-03-25,C126,APAC,Product C,936.58,12
2025-03-10,C189,Americas,Product B,2610.61,10
2025-04-24,C326,APAC,Product B,4691.66,16
2025-06-26,C189,Americas,Product A,2098.78,13
2025-08-18,C254,APAC,Product B,1152.3,15
2025-05-03,C47,APAC,Product A,1128.62,13
2025-07-27,C155,EMEA,Product A,4412.09,6
2025-03-31,C217,APAC,Product C,1117.52,11
2025-09-21,C21,EMEA,Product C,1366.22,8
2025-09-05,C249,APAC,Product B,1935.54,16
2025-09-22,C80,APAC,Product B,2333.42,4
2025-03-25,C232,APAC,Product A,756.51,16
2025-04-12,C373,APAC,Product B,1412.84,1
2025-03-14,C90,APAC,Product C,1733.96,19
2025-08-08,C135,Americas,Product A,3538.54,10
2025-06-13,C25,APAC,Product B,1084.36,9
2025-05-09,C182,APAC,Product B,1328.46,3
2025-01-06,C314,EMEA,Product B,3996.02,18
2025-03-28,C103,Americas,Product B,3863.84,16
2025-07-31,C117,EMEA,Product A,2443.95,13
2025-04-15,C216,APAC,Product B,3985.57,12
2025-01-24,C16,APAC,Product C,4892.39,17
2025-08-31,C267,APAC,Product C,3575.43,1
2025-08-06,C397,APAC,Product C,4676.06,10
2025-03-16,C178,APAC,Product C,4577.62,7
2025-02-08,C161,Americas,Product C,4454.36,5
2025-06-25,C132,EMEA,Product A,3261.57,18
2025-04-27,C56,Americas,Product A,1857.14,3
2025-04-22,C80,Americas,Product A,3085.62,19
2025-03-06,C107,APAC,Product C,1086.44,13
2025-06-30,C169,EMEA,Product A,1242.2,18
2025-01-22,C285,APAC,Product C,579.52,17
2025-07-07,C49,EMEA,Product A,2411.53,5
2025-01-02,C353,EMEA,Product B,2601.58,3
2025-01-02,C82,APAC,Product C,4356.94,16
2025-05-20,C355,EMEA,Product B,2469.94,5
2025-04-16,C301,EMEA,Product C,1286.52,10
2025-05-17,C185,EMEA,Product B,1705.99,18
2025-05-23,C349,APAC,Product B,626.55,4
2025-03-23,C208,EMEA,Product A,4203.52,11
2025-09-27,C320,Americas,Product B,3182.2,6
2025-07-29,C313,Americas,Product B,531.69,6
2025-07-15,C293,EMEA,Product A,4844.52,8
2025-04-08,C45,Americas,Product B,4948.21,9
2025-08-22,C114,APAC,Product B,1708.68,12
2025-01-29,C393,Americas,Product A,1672.98,2
2025-03-03,C231,EMEA,Product A,3690.34,12
2025-06-12,C246,Americas,Product A,583.39,9
2025-06-21,C333,APAC,Product C,4679.44,14
2025-03-10,C171,EMEA,Product B,3793.43,2
2025-03-12,C397,APAC,Product B,2906.6,3
2025-01-26,C188,EMEA,Product A,2051.46,17
2025-07-23,C354,EMEA,Product B,1619.59,18
2025-03-26,C181,EMEA,Product B,3396.74,18
2025-09-12,C313,APAC,Product B,1666.32,15
2025-04-25,C331,Americas,Product A,3489.53,15
2025-07-30,C83,APAC,Product B,1475.29,18
2025-06-19,C229,Americas,Product A,1154.83,19
2025-04-07,C352,APAC,Product C,2223.06,12
2025-03-13,C282,APAC,Product A,4234.73,5
2025-01-22,C353,Americas,Product A,2935.57,11
2025-01-18,C205,APAC,Product B,4602.78,7
2025-06-03,C369,EMEA,Product A,3046.33,6
2025-02-15,C72,Americas,Product B,3734.15,10
2025-09-30,C150,EMEA,Product A,1626.53,6
2025-01-26,C51,EMEA,Product C,3366.89,16
2025-04-14,C394,APAC,Product A,2564.17,9
2025-03-20,C51,EMEA,Product A,4669.63,2
2025-08-18,C326,EMEA,Product B,4930.59,16
2025-07-11,C329,EMEA,Product C,2434.3,12
2025-05-13,C129,Americas,Product A,3729.03,18
2025-01-12,C208,APAC,Product B,611.01,16
2025-01-24,C174,EMEA,Product C,3581.26,3
2025-05-23,C208,EMEA,Product B,4662.79,10
2025-07-11,C215,Americas,Product C,2023.28,2
2025-06-15,C334,Americas,Product B,4911.18,16
2025-03-28,C362,APAC,Product A,2301.6,6
2025-02-13,C379,EMEA,Product A,3525.57,8
2025-09-01,C248,APAC,Product C,4060.9,14
2025-08-02,C267,Americas,Product A,1801.18,5
2025-04-09,C161,EMEA,Product B,2919.12,7
2025-04-04,C31,EMEA,Product C,4821.65,11
2025-05-10,C359,Americas,Product C,4695.2,5
2025-01-21,C20,APAC,Product A,4564.36,6
2025-05-28,C26,EMEA,Product B,3944.95,6
2025-06-18,C261,APAC,Product A,2914.37,13
2025-02-17,C94,APAC,Product C,3393.77,5
2025-07-24,C309,APAC,Product B,2508.12,5
2025-04-14,C16,Americas,Product B,3511.7,18
2025-07-24,C256,Americas,Product C,4833.92,16
2025-06-21,C178,APAC,Product B,571.64,13
2025-07-07,C319,EMEA,Product B,3635.4,5
2025-08-02,C305,APAC,Product B,2658.93,18
2025-09-20,C16,EMEA,Product A,1072.0,3
2025-01-29,C289,Americas,Product B,3115.94,17
2025-02-26,C276,EMEA,Product B,2910.6,19
2025-06-30,C238,EMEA,Product A,4124.6,1
2025-08-19,C189,EMEA,Product A,1999.85,17
2025-01-19,C34,APAC,Product C,3220.58,4
2025-07-21,C218,Americas,Product C,1872.95,17
2025-03-21,C12,EMEA,Product C,2948.49,3
2025-08-29,C273,EMEA,Product C,2198.07,9
2025-05-14,C92,EMEA,Product A,1426.95,6
2025-09-16,C257,EMEA,Product C,2024.3,5
2025-07-17,C26,Americas,Product C,735.26,14
2025-07-01,C315,APAC,Product C,3752.08,10
2025-08-12,C109,APAC,Product B,829.15,18
2025-02-06,C182,Americas,Product C,4951.06,10
2025-03-27,C235,APAC,Product A,995.33,11
2025-04-10,C101,Americas,Product C,1180.69,5
2025-01-29,C84,EMEA,Product B,1910.65,15
2025-09-01,C59,EMEA,Product B,1004.05,19
2025-07-13,C274,APAC,Product A,1031.03,18
2025-04-28,C191,EMEA,Product A,4757.84,12
2025-06-30,C21,Americas,Product C,646.12,10
2025-06-20,C372,Americas,Product B,2720.66,12
2025-05-31,C121,EMEA,Product B,2525.29,19
2025-04-11,C243,EMEA,Product B,737.72,17
2025-02-12,C67,APAC,Product B,2871.53,12
2025-04-10,C337,EMEA,Product B,1934.68,7
2025-08-10,C326,Americas,Product B,4112.14,19
2025-09-19,C358,APAC,Product A,954.24,2
2025-06-17,C24,Americas,Product C,3374.03,1
2025-02-13,C380,APAC,Product C,826.35,7
2025-06-11,C93,EMEA,Product B,906.89,10
2025-07-29,C309,APAC,Product B,2699.63,8
2025-04-10,C328,Americas,Product A,1705.74,7
2025-03-04,C7,EMEA,Product A,4012.58,8
2025-04-02,C53,Americas,Product C,976.12,18
2025-05-12,C156,APAC,Product A,3103.54,5
2025-08-11,C240,EMEA,Product B,4294.15,11
2025-09-20,C362,EMEA,Product C,926.82,19
2025-02-27,C304,EMEA,Product C,3230.22,13
2025-08-22,C39,APAC,Product B,532.57,15
2025-01-27,C147,APAC,Product C,2248.84,15
2025-07-25,C22,APAC,Product B,1577.07,3
2025-04-15,C262,EMEA,Product B,728.84,11
2025-09-08,C258,APAC,Product A,4733.96,9
2025-09-15,C183,EMEA,Product B,3158.9,8
2025-09-03,C127,EMEA,Product C,4322.61,8
2025-08-25,C289,EMEA,Product C,781.0,8
2025-07-16,C137,APAC,Product A,883.15,3
2025-08-30,C242,Americas,Product A,4966.81,3
2025-09-09,C302,EMEA,Product B,3760.51,11
2025-06-25,C302,EMEA,Product C,3340.35,6
2025-05-16,C34,EMEA,Product C,560.81,15
2025-08-24,C308,Americas,Product A,2859.15,16
2025-08-09,C186,APAC,Product A,3755.91,5
2025-09-23,C65,EMEA,Product C,2792.79,15
2025-01-10,C12,EMEA,Product A,2339.15,10
2025-06-26,C164,APAC,Product C,2238.66,7
2025-02-22,C385,APAC,Product C,1065.68,4
2025-09-10,C358,APAC,Product C,3403.57,11
2025-07-15,C331,Americas,Product C,1731.5,1
2025-02-27,C7,Americas,Product C,1289.0,7
2025-03-03,C333,Americas,Product A,2561.92,4
2025-06-01,C93,Americas,Product B,2614.12,18
2025-05-23,C170,APAC,Product C,770.49,12
2025-07-20,C333,APAC,Product B,865.24,13
2025-01-31,C389,Americas,Product B,4504.26,13
2025-06-05,C327,EMEA,Product C,1609.95,6
2025-03-08,C86,Americas,Product C,1758.95,8
2025-02-21,C204,Americas,Product B,1132.28,16
2025-08-26,C381,EMEA,Product C,4634.36,17
2025-03-05,C16,Americas,Product A,3123.8,17
2025-07-27,C349,Americas,Product B,2361.8,9
2025-04-10,C73,APAC,Product C,2282.25,7
2025-06-25,C224,EMEA,Product A,3808.63,6
2025-05-02,C182,Americas,Product C,2013.56,5
2025-07-29,C346,EMEA,Product A,1707.29,11
2025-07-03,C133,EMEA,Product A,3985.94,9
2025-07-06,C192,Americas,Product B,1709.88,8
2025-06-28,C331,APAC,Product A,2926.37,8
2025-06-10,C242,APAC,Product B,3217.64,7
2025-04-23,C135,APAC,Product C,4579.94,3
2025-07-31,C394,APAC,Product B,2861.73,3
2025-02-14,C177,EMEA,Product C,1676.29,4
2025-07-10,C326,EMEA,Product B,2520.88,9
2025-07-09,C360,EMEA,Product A,3299.04,12
2025-08-01,C320,Americas,Product C,2671.22,19
2025-09-19,C171,APAC,Product B,1629.48,7
2025-06-26,C366,APAC,Product A,1845.17,1
2025-02-18,C311,Americas,Product A,4510.91,7
2025-05-07,C225,EMEA,Product A,1405.29,7
2025-01-11,C228,APAC,Product C,4134.32,13
2025-01-23,C80,APAC,Product A,735.5,1
2025-06-08,C386,Americas,Product B,4303.98,7
2025-01-15,C331,EMEA,Product B,1515.49,2
2025-01-16,C124,EMEA,Product A,4993.52,19
2025-04-12,C203,EMEA,Product A,2995.79,6
2025-03-02,C326,APAC,Product A,1626.61,11
2025-06-06,C186,APAC,Product B,3231.38,6
2025-04-23,C153,EMEA,Product A,1708.7,1
2025-05-07,C92,EMEA,Product B,1149.96,11
2025-02-21,C366,APAC,Product A,3708.56,4
2025-05-25,C342,APAC,Product A,2315.14,5
2025-09-17,C89,EMEA,Product A,3020.52,7
2025-06-10,C144,APAC,Product A,850.46,14
2025-09-29,C344,APAC,Product A,2167.21,3
2025-03-07,C46,Americas,Product B,3511.19,17
2025-04-01,C377,Americas,Product A,1359.78,14
2025-06-01,C94,EMEA,Product C,4344.8,3
2025-02-17,C296,Americas,Product A,4558.59,17
2025-02-26,C226,Americas,Product C,2840.61,10
2025-08-04,C186,Americas,Product C,4412.94,13
2025-05-14,C88,EMEA,Product B,3778.22,15
2025-02-20,C246,APAC,Product B,2328.65,3
2025-04-16,C204,Americas,Product B,1272.55,6
2025-09-24,C139,APAC,Product B,2188.73,4
2025-02-21,C314,EMEA,Product A,2861.03,9
2025-05-08,C188,EMEA,Product A,884.31,2
2025-08-18,C323,APAC,Product C,2725.69,11
2025-09-28,C57,APAC,Product B,811.8,18
2025-03-12,C88,APAC,Product B,1942.79,2
2025-03-25,C94,EMEA,Product B,1174.0,10
2025-05-13,C386,APAC,Product B,2115.5,4
2025-03-23,C270,Americas,Product B,2055.32,4
2025-07-22,C208,APAC,Product C,3071.0,13
2025-06-01,C238,Americas,Product B,2874.11,1
2025-03-16,C337,Americas,Product C,2826.53,7
2025-02-11,C138,EMEA,Product C,1435.06,10
2025-07-23,C26,EMEA,Product B,1777.45,19
2025-02-25,C158,EMEA,Product B,1826.16,7
2025-04-01,C129,APAC,Product B,4330.68,9
2025-02-22,C105,APAC,Product A,943.46,18
2025-07-23,C211,APAC,Product C,2367.98,16
2025-05-06,C371,APAC,Product A,3160.86,5
2025-07-30,C218,Americas,Product A,3182.29,8
2025-06-10,C82,Americas,Product C,2568.35,11
2025-07-21,C89,APAC,Product A,3034.24,13
2025-09-10,C58,APAC,Product B,685.68,19
2025-07-20,C394,EMEA,Product A,4340.59,1
2025-02-11,C325,EMEA,Product C,4967.74,9
2025-02-10,C105,EMEA,Product C,4833.01,6
2025-06-11,C307,Americas,Product A,1762.05,6
2025-06-18,C245,EMEA,Product B,4887.89,15
2025-01-08,C208,APAC,Product A,4415.11,12
2025-04-14,C338,APAC,Product A,2540.37,10
2025-04-16,C65,APAC,Product A,2668.55,15
2025-07-07,C34,Americas,Product B,4002.53,14
2025-02-02,C340,EMEA,Product A,1998.3,1
2025-01-01,C223,EMEA,Product C,1785.11,16
2025-04-19,C398,APAC,Product A,944.08,11
2025-04-09,C10,EMEA,Product C,4181.47,8
2025-07-24,C20,APAC,Product A,948.94,16
2025-05-10,C387,APAC,Product B,4710.87,9
2025-08-03,C350,Americas,Product B,4888.6,6
2025-08-30,C204,Americas,Product B,2829.2,1
2025-09-02,C53,APAC,Product B,540.33,12
2025-01-08,C166,Americas,Product A,1204.38,11
2025-04-27,C178,APAC,Product A,3161.08,10
2025-06-03,C42,EMEA,Product B,1371.31,4
2025-07-15,C179,APAC,Product C,4587.85,17
2025-06-02,C278,Americas,Product C,823.58,19
2025-06-08,C47,APAC,Product A,1402.84,13
2025-08-05,C169,APAC,Product A,4810.91,13
2025-03-26,C297,APAC,Product B,4351.66,16
2025-08-18,C105,APAC,Product B,1017.09,1
2025-05-12,C270,EMEA,Product B,521.98,6
2025-02-14,C253,Americas,Product C,2794.93,9
2025-01-20,C31,EMEA,Product B,2675.31,8
2025-06-19,C253,Americas,Product B,2397.98,19
2025-07-19,C236,APAC,Product C,3932.82,17
2025-08-16,C350,Americas,Product C,2197.3,12
2025-06-14,C110,APAC,Product C,3418.05,11
2025-05-16,C48,EMEA,Product B,2353.76,16
2025-08-01,C73,Americas,Product C,678.01,4
2025-03-17,C333,APAC,Product B,1942.53,7
2025-03-29,C28,Americas,Product A,722.07,2
2025-09-23,C225,Americas,Product A,4153.85,14
2025-03-25,C158,APAC,Product A,3934.83,13
2025-09-08,C43,Americas,Product B,1593.25,8
2025-09-01,C177,APAC,Product B,1760.07,11
2025-02-18,C332,EMEA,Product A,4860.36,15
2025-09-12,C225,EMEA,Product C,4291.5,13
2025-07-18,C230,APAC,Product B,1924.55,14
2025-09-06,C190,EMEA,Product C,1253.62,19
2025-03-07,C46,EMEA,Product A,4706.7,9
2025-05-13,C246,EMEA,Product A,4121.75,16
2025-04-26,C102,Americas,Product A,1579.77,14
2025-07-29,C49,EMEA,Product B,4602.1,7
2025-04-21,C113,APAC,Product A,1340.48,5
2025-03-12,C111,EMEA,Product A,2057.49,5
2025-03-17,C122,EMEA,Product A,1627.17,9
2025-06-16,C9,EMEA,Product C,2769.19,13
2025-02-21,C51,APAC,Product A,1893.8,9
2025-05-21,C300,EMEA,Product A,843.36,14
2025-07-15,C10,EMEA,Product C,3500.19,4
2025-05-28,C140,EMEA,Product A,2505.78,18
2025-04-04,C25,EMEA,Product A,4383.34,12
2025-01-11,C89,EMEA,Product B,4697.47,3
2025-04-26,C281,Americas,Product B,1423.34,8
2025-04-15,C94,Americas,Product C,1727.57,18
2025-05-24,C346,Americas,Product B,3001.6,16
2025-07-26,C111,EMEA,Product B,3352.09,15
2025-03-13,C215,EMEA,Product C,4660.22,17
2025-01-23,C93,EMEA,Product C,1496.53,1
2025-03-04,C103,EMEA,Product A,3069.92,15
2025-09-26,C88,EMEA,Product C,582.61,11
2025-07-06,C73,APAC,Product B,531.64,1
2025-01-17,C254,APAC,Product B,3166.17,18
2025-08-19,C375,Americas,Product A,4992.05,10
2025-02-23,C105,APAC,Product C,2687.2,10
2025-01-10,C37,Americas,Product C,3757.95,3
2025-08-30,C56,EMEA,Product A,2827.03,12
2025-08-27,C279,APAC,Product B,2192.73,13
2025-06-17,C222,EMEA,Product C,2345.11,1
2025-01-16,C363,APAC,Product A,1960.28,18
2025-08-30,C288,EMEA,Product B,2872.16,10
2025-08-23,C393,Americas,Product A,4928.53,13
2025-07-05,C351,Americas,Product A,2622.48,2
2025-06-12,C353,EMEA,Product B,2775.45,19
2025-08-13,C192,APAC,Product A,4505.99,15
2025-03-19,C244,EMEA,Product B,2578.13,9
2025-01-26,C73,Americas,Product A,3646.91,6
2025-03-19,C76,APAC,Product A,2673.56,19
2025-05-29,C173,Americas,Product C,954.26,14
2025-03-23,C68,APAC,Product B,1961.17,12
2025-03-02,C323,APAC,Product B,2651.0,15
2025-09-15,C200,EMEA,Product A,1646.45,3
2025-01-27,C240,EMEA,Product B,3908.97,7
2025-07-15,C38,APAC,Product C,2594.78,18
2025-02-25,C334,EMEA,Product C,2832.8,17
2025-06-18,C199,APAC,Product A,1637.45,19
2025-06-29,C48,Americas,Product B,1268.46,13
2025-01-06,C313,APAC,Product C,3045.86,17
2025-09-01,C110,APAC,Product C,4757.34,13
2025-03-31,C260,Americas,Product A,4366.96,17
2025-02-15,C349,APAC,Product C,541.9,7
2025-05-04,C60,APAC,Product C,2023.49,3
2025-09-27,C206,EMEA,Product C,4856.51,16
2025-07-18,C222,EMEA,Product C,4214.56,7
2025-07-26,C235,APAC,Product A,2481.0,18
2025-03-15,C111,EMEA,Product A,727.28,16
2025-01-21,C385,EMEA,Product C,1966.01,6
2025-07-24,C175,APAC,Product C,856.62,18
2025-05-08,C288,EMEA,Product A,1067.69,2
2025-03-05,C60,APAC,Product B,4437.54,13
2025-09-14,C59,Americas,Product A,3066.41,1
2025-06-07,C65,Americas,Product A,4767.91,12
2025-03-10,C281,Americas,Product B,977.59,1
2025-06-09,C316,EMEA,Product C,1213.34,11
2025-01-02,C61,Americas,Product A,2436.42,17
2025-02-18,C57,APAC,Product B,4248.47,18
2025-06-27,C336,APAC,Product B,2869.68,11
2025-09-04,C80,APAC,Product A,4876.82,2
2025-03-06,C382,APAC,Product A,1607.0,15
2025-04-04,C186,Americas,Product B,1465.54,12
2025-02-01,C181,EMEA,Product C,4739.83,14
2025-03-21,C159,APAC,Product C,1377.75,11
2025-04-22,C383,EMEA,Product B,3622.39,17
2025-08-15,C368,EMEA,Product B,3539.9,19
2025-02-06,C336,EMEA,Product C,2733.33,4
2025-05-27,C375,Americas,Product A,3725.23,1
2025-06-17,C189,EMEA,Product A,4350.4,16
2025-01-02,C205,EMEA,Product C,2401.43,17
2025-07-14,C393,EMEA,Product A,3149.65,19
2025-02-23,C258,APAC,Product B,4286.03,18
2025-08-30,C11,APAC,Product A,4526.91,1
2025-09-11,C126,EMEA,Product C,611.14,14
2025-02-16,C275,EMEA,Product A,777.24,17
2025-05-03,C50,APAC,Product C,1624.56,17
2025-04-05,C235,APAC,Product B,2320.34,4
2025-02-28,C57,EMEA,Product B,1997.3,17
2025-03-31,C21,EMEA,Product A,1643.66,19
2025-01-21,C113,EMEA,Product C,1871.42,12
2025-06-09,C28,Americas,Product C,3605.34,19
2025-06-30,C74,EMEA,Product A,3804.03,15
2025-07-03,C186,Americas,Product A,2570.46,12
2025-01-01,C89,Americas,Product A,4373.65,1
2025-04-10,C241,APAC,Product B,3988.99,14
2025-08-07,C233,Americas,Product C,4290.67,4
2025-08-17,C122,APAC,Product A,4516.75,3
2025-03-29,C316,EMEA,Product A,4995.07,3
2025-09-01,C278,APAC,Product C,4983.34,14
2025-05-22,C396,Americas,Product A,2225.91,19
2025-06-10,C31,Americas,Product B,1888.11,16
2025-02-15,C41,EMEA,Product B,1130.74,13
2025-07-06,C87,APAC,Product B,2258.79,13
2025-08-13,C61,Americas,Product A,4810.24,7
2025-07-10,C96,EMEA,Product A,1266.17,7
2025-04-07,C132,Americas,Product A,3509.39,2
2025-05-01,C385,APAC,Product B,1513.58,4
2025-02-08,C200,APAC,Product B,3026.65,16
2025-06-22,C82,APAC,Product C,3963.39,10
2025-01-12,C115,Americas,Product A,753.72,9
2025-04-16,C387,EMEA,Product B,2096.81,2
2025-08-30,C112,EMEA,Product A,2423.78,19
2025-03-30,C85,APAC,Product C,2552.71,7
2025-03-13,C258,EMEA,Product A,1815.87,19
2025-08-26,C326,EMEA,Product A,1250.73,17
2025-03-30,C87,APAC,Product B,3216.85,19
2025-06-03,C121,EMEA,Product A,3337.65,1
2025-06-22,C110,APAC,Product B,4196.91,3
2025-02-06,C381,APAC,Product A,1817.02,12
2025-01-11,C342,Americas,Product A,4192.89,2
2025-01-19,C80,Americas,Product B,3680.23,4
2025-05-05,C275,EMEA,Product C,3674.73,9
2025-01-09,C301,APAC,Product A,2701.53,8
2025-07-27,C204,Americas,Product C,3237.58,6
2025-01-05,C321,Americas,Product B,4989.12,19
2025-05-16,C183,APAC,Product A,3806.83,8
2025-06-27,C381,EMEA,Product A,4614.99,7
2025-09-29,C135,Americas,Product C,2014.03,14
2025-08-23,C150,APAC,Product A,4282.72,16
2025-01-29,C347,APAC,Product A,4668.26,13
2025-07-03,C33,EMEA,Product A,3782.83,18
2025-07-29,C173,Americas,Product C,3095.97,17
2025-02-25,C323,APAC,Product C,4270.43,7
2025-04-04,C54,APAC,Product A,753.5,10
2025-09-29,C317,APAC,Product C,1682.12,17
2025-08-03,C258,APAC,Product A,1938.15,18
2025-09-02,C59,Americas,Product C,4155.43,1
2025-09-25,C41,Americas,Product A,3745.79,7
2025-08-04,C73,Americas,Product A,2751.61,6
2025-03-30,C293,APAC,Product A,3617.61,15
2025-03-18,C210,APAC,Product C,4472.76,4
2025-06-03,C77,Americas,Product A,4841.11,1
2025-05-11,C195,APAC,Product C,2999.86,7
2025-08-08,C299,Americas,Product C,4471.12,15
2025-08-23,C84,EMEA,Product B,4539.03,13
2025-06-10,C270,APAC,Product B,3401.24,8
2025-06-24,C223,APAC,Product B,2918.21,9
2025-02-22,C310,APAC,Product C,1566.82,10
2025-04-22,C218,APAC,Product C,1504.65,2
2025-07-08,C257,Americas,Product B,2333.22,8
2025-01-22,C48,EMEA,Product B,1128.74,11
2025-07-28,C86,Americas,Product C,4129.23,4
2025-05-17,C90,Americas,Product C,3352.32,19
2025-01-28,C223,EMEA,Product A,1100.61,19
2025-07-08,C76,APAC,Product A,1078.81,9
2025-06-13,C317,APAC,Product B,1612.43,14
2025-01-18,C269,Americas,Product C,864.27,11
2025-07-07,C288,Americas,Product C,3311.15,19
2025-09-26,C22,Americas,Product B,2614.9,1
2025-02-17,C101,Americas,Product C,615.84,7
2025-06-12,C328,EMEA,Product B,2549.76,4
2025-06-21,C211,APAC,Product C,2701.47,14
2025-03-27,C381,EMEA,Product A,3116.41,1
2025-09-17,C227,EMEA,Product C,3772.09,6
2025-09-11,C234,APAC,Product C,1053.73,13
2025-06-24,C348,APAC,Product A,4958.21,18
2025-02-13,C371,Americas,Product B,1503.91,18
2025-08-13,C380,EMEA,Product C,2821.76,2
2025-08-23,C167,EMEA,Product B,2215.16,7
2025-02-23,C267,EMEA,Product B,4683.12,12
2025-05-01,C166,EMEA,Product B,4161.27,15
2025-01-01,C382,APAC,Product B,3613.39,14
2025-04-15,C43,EMEA,Product B,3784.97,2
2025-04-21,C146,Americas,Product C,4398.92,7
2025-06-13,C271,APAC,Product B,3640.96,8
2025-08-23,C333,APAC,Product B,1408.41,8
2025-04-17,C381,EMEA,Product C,1391.59,12
2025-07-04,C324,APAC,Product B,1461.15,9
2025-05-15,C296,EMEA,Product C,3871.21,3
2025-07-13,C4,Americas,Product A,3442.0,6
2025-06-15,C92,Americas,Product B,2973.3,3
2025-01-31,C107,EMEA,Product C,1445.21,18
2025-04-11,C247,EMEA,Product A,2766.07,3
2025-06-22,C393,EMEA,Product C,3677.26,12
2025-01-21,C339,Americas,Product B,1960.49,13
2025-05-07,C336,APAC,Product C,1893.02,15
2025-08-23,C257,EMEA,Product C,2918.72,7
2025-01-01,C343,EMEA,Product A,3562.62,13
2025-08-23,C396,EMEA,Product B,3415.27,19
2025-03-22,C245,APAC,Product A,976.1,15
2025-06-17,C109,APAC,Product B,3776.83,15
2025-06-10,C207,APAC,Product C,2081.21,16
2025-05-31,C236,EMEA,Product B,4555.67,13
2025-06-07,C157,Americas,Product B,4693.61,2
2025-06-13,C38,APAC,Product B,3213.56,3
2025-09-12,C171,Americas,Product C,4242.08,7
2025-08-09,C93,APAC,Product C,2608.08,12
2025-05-13,C211,APAC,Product B,647.6,5
2025-08-10,C122,EMEA,Product B,585.17,11
2025-09-20,C297,APAC,Product A,2348.64,10
2025-03-18,C91,Americas,Product C,3269.71,8
2025-02-01,C349,EMEA,Product B,1953.82,3
2025-03-02,C149,Americas,Product A,1116.42,12
2025-09-24,C387,APAC,Product A,4825.03,16
2025-07-15,C158,APAC,Product B,582.1,18
2025-05-19,C279,APAC,Product B,958.79,16
2025-01-02,C78,EMEA,Product C,754.18,4
2025-08-29,C128,EMEA,Product C,2849.57,8
2025-01-31,C279,APAC,Product A,1427.89,3
2025-05-28,C162,EMEA,Product A,1535.38,5
2025-03-02,C364,Americas,Product C,4127.44,18
2025-08-31,C21,APAC,Product A,4434.87,14
2025-03-23,C12,APAC,Product B,2059.11,7
2025-05-25,C271,EMEA,Product B,684.4,19
2025-02-02,C193,APAC,Product C,1721.25,8
2025-03-17,C57,APAC,Product A,1007.59,12
2025-04-02,C133,EMEA,Product B,1324.39,7
2025-06-29,C105,EMEA,Product C,1263.91,2
2025-09-20,C343,APAC,Product A,1441.95,2
2025-03-16,C319,EMEA,Product B,811.28,9
2025-07-05,C42,EMEA,Product C,2897.94,17
2025-09-22,C48,Americas,Product A,3573.81,19
2025-04-07,C68,EMEA,Product B,734.21,13
2025-07-27,C331,APAC,Product A,4892.35,3
2025-03-15,C308,APAC,Product B,1010.58,11
2025-09-07,C324,Americas,Product A,713.37,7
2025-04-25,C306,EMEA,Product B,3319.96,14
2025-01-16,C278,Americas,Product B,3485.13,4
2025-01-19,C310,Americas,Product A,1589.83,16
2025-03-26,C123,APAC,Product A,629.76,4
2025-07-23,C180,EMEA,Product A,2638.84,5
2025-09-10,C208,Americas,Product B,2318.67,10
2025-05-05,C318,Americas,Product C,662.93,17
2025-07-10,C89,APAC,Product C,1944.21,19
2025-05-12,C330,APAC,Product C,1315.63,2
2025-03-11,C226,EMEA,Product C,4832.53,17
2025-03-22,C351,EMEA,Product C,587.76,19
2025-03-09,C311,EMEA,Product B,2688.76,6
2025-05-09,C281,APAC,Product C,1103.54,15
2025-07-02,C373,APAC,Product C,810.46,10
2025-09-25,C122,APAC,Product C,1421.21,10
2025-09-30,C241,EMEA,Product B,1432.77,16
2025-07-19,C80,EMEA,Product A,3600.5,11
2025-02-04,C229,Americas,Product A,2197.63,14
2025-01-01,C128,APAC,Product B,4437.23,7
2025-03-21,C282,APAC,Product A,2151.49,16
2025-07-30,C58,APAC,Product A,3800.31,2
2025-09-20,C227,APAC,Product C,2074.53,10
2025-02-28,C180,APAC,Product B,2405.24,15
2025-05-29,C254,EMEA,Product A,3156.92,5
2025-03-27,C184,APAC,Product A,1976.31,2
2025-02-23,C387,EMEA,Product C,1472.61,3
2025-06-29,C244,Americas,Product B,548.02,4
2025-06-03,C313,APAC,Product A,4914.63,8
2025-05-08,C58,APAC,Product B,1325.56,12
2025-06-25,C167,APAC,Product C,562.77,12
2025-08-21,C203,EMEA,Product B,4169.69,7
2025-01-29,C330,EMEA,Product A,3421.53,19
2025-07-03,C265,EMEA,Product A,3239.59,7
2025-05-24,C139,Americas,Product B,3145.08,12
2025-03-02,C85,APAC,Product A,4538.88,10
2025-01-20,C252,EMEA,Product A,2843.93,12
2025-06-17,C359,EMEA,Product B,4228.39,10
2025-05-17,C257,EMEA,Product B,1466.85,12
2025-05-30,C115,APAC,Product C,3912.36,3
2025-06-19,C146,Americas,Product B,631.27,3
2025-05-02,C58,Americas,Product C,4401.23,12
2025-03-04,C280,EMEA,Product C,1330.93,8
2025-01-09,C336,EMEA,Product B,1449.17,12
2025-02-09,C69,EMEA,Product B,1297.05,14
2025-09-02,C260,EMEA,Product B,2292.8,8
2025-01-17,C304,EMEA,Product A,3091.03,12
2025-06-22,C31,APAC,Product C,555.92,16
2025-02-16,C309,Americas,Product C,941.26,14
2025-09-29,C81,APAC,Product A,2703.67,12
2025-05-08,C157,APAC,Product C,4514.69,6
2025-02-28,C80,APAC,Product A,2127.97,6
2025-08-01,C337,Americas,Product B,4855.38,14
2025-03-12,C286,APAC,Product A,2642.26,15
2025-04-09,C283,EMEA,Product B,1268.42,3
2025-03-13,C371,APAC,Product A,1268.05,12
2025-06-26,C192,APAC,Product B,4889.87,13
2025-06-28,C19,Americas,Product A,903.34,19
2025-08-16,C168,APAC,Product C,3099.48,16
2025-07-10,C45,EMEA,Product B,4691.91,14
2025-08-19,C53,Americas,Product B,516.74,18
2025-02-07,C35,EMEA,Product C,4987.09,8
2025-09-13,C197,APAC,Product A,1174.38,14
2025-09-09,C186,APAC,Product C,2385.89,4
2025-06-17,C208,APAC,Product A,507.11,1
2025-07-24,C32,APAC,Product C,708.16,14
2025-08-16,C207,APAC,Product C,3511.66,13
2025-04-15,C225,EMEA,Product B,1308.47,14
2025-05-22,C82,Americas,Product B,1588.82,7
2025-07-26,C141,APAC,Product C,3788.08,9
2025-02-25,C97,Americas,Product B,2218.91,16
2025-01-08,C182,Americas,Product A,4556.69,14
2025-07-06,C155,Americas,Product A,2465.5,15
2025-04-25,C272,APAC,Product A,601.47,12
2025-07-11,C278,Americas,Product A,3546.98,1
2025-01-29,C24,APAC,Product A,996.84,15
2025-06-13,C378,Americas,Product A,911.67,12
2025-06-13,C382,Americas,Product A,2608.93,1
2025-09-01,C259,APAC,Product A,1126.84,12
2025-04-05,C123,APAC,Product B,3493.04,6
2025-09-30,C337,EMEA,Product B,4856.94,19
2025-06-27,C69,EMEA,Product C,3596.14,12
2025-02-17,C15,EMEA,Product A,4654.85,5
2025-06-28,C134,EMEA,Product C,1205.43,7
2025-01-26,C21,EMEA,Product A,2884.53,8
2025-01-25,C43,Americas,Product A,2255.07,9
2025-07-04,C53,APAC,Product A,1784.13,2
2025-03-17,C88,EMEA,Product A,1074.09,11
2025-08-20,C143,EMEA,Product B,4171.35,14
2025-08-09,C363,APAC,Product C,4818.32,17
2025-09-28,C196,EMEA,Product C,2104.8,9
2025-02-21,C308,Americas,Product A,3577.29,11
2025-02-12,C133,EMEA,Product B,2695.2,11
2025-09-12,C388,APAC,Product A,2244.94,2
2025-07-14,C338,Americas,Product B,3549.25,12
2025-07-31,C329,APAC,Product B,2374.74,4
2025-09-13,C290,APAC,Product A,2616.46,9
2025-04-15,C259,EMEA,Product C,1893.57,6
2025-09-17,C251,EMEA,Product A,3831.41,11
2025-06-14,C387,APAC,Product A,2842.34,15
2025-06-30,C328,Americas,Product C,4204.71,12
2025-08-05,C184,EMEA,Product C,857.84,10
2025-05-28,C129,EMEA,Product C,4599.57,2
2025-05-27,C27,APAC,Product B,4812.47,15
2025-06-23,C220,APAC,Product A,4300.35,3
2025-05-26,C89,APAC,Product B,4098.93,7
2025-09-03,C166,EMEA,Product B,4525.69,13
2025-04-17,C143,EMEA,Product C,2556.61,11
2025-04-21,C132,EMEA,Product A,2381.59,13
2025-04-08,C250,APAC,Product C,3148.64,12
2025-05-29,C44,APAC,Product C,4823.28,14
2025-08-14,C372,EMEA,Product A,2655.37,16
2025-09-23,C275,Americas,Product C,4882.01,19
2025-09-21,C271,Americas,Product C,3681.64,18
2025-02-15,C4,APAC,Product B,1111.7,2
2025-03-08,C156,APAC,Product C,1146.59,17
2025-06-05,C333,EMEA,Product C,541.59,11
2025-01-28,C101,EMEA,Product B,891.23,7
2025-06-19,C74,EMEA,Product B,554.31,17
2025-03-31,C233,Americas,Product C,2567.73,10
2025-03-27,C108,APAC,Product A,3416.66,5
2025-04-01,C101,Americas,Product B,805.08,2
2025-03-01,C33,Americas,Product A,3842.25,12
2025-06-14,C386,Americas,Product A,3572.27,12
2025-08-13,C244,Americas,Product C,2317.15,11
2025-01-13,C276,APAC,Product B,1634.31,8
2025-03-12,C8,EMEA,Product B,859.92,13
2025-08-01,C254,APAC,Product C,2384.42,15
2025-05-10,C325,Americas,Product A,1172.97,3
2025-09-06,C334,APAC,Product B,2319.39,10
2025-03-08,C304,APAC,Product C,1444.52,7
2025-02-16,C377,APAC,Product B,2854.21,11
2025-05-30,C46,APAC,Product A,1072.32,9
2025-02-16,C342,APAC,Product C,2707.01,12
2025-07-11,C261,Americas,Product A,2026.24,9
2025-06-23,C52,Americas,Product C,1143.87,13
2025-01-29,C309,EMEA,Product C,2731.19,3
2025-07-05,C250,Americas,Product A,2791.5,16
2025-04-30,C58,APAC,Product C,2676.24,19
2025-08-20,C110,APAC,Product C,4964.07,8
2025-03-29,C296,APAC,Product B,3955.37,2
2025-07-27,C78,APAC,Product C,4305.85,12
2025-02-02,C7,Americas,Product A,3917.43,16
2025-01-24,C330,Americas,Product C,4453.39,16
2025-07-22,C309,EMEA,Product A,2261.54,19
2025-07-03,C365,Americas,Product B,4009.82,7
2025-04-14,C141,Americas,Product A,2085.36,2
2025-05-05,C170,Americas,Product B,1334.35,18
2025-09-11,C177,EMEA,Product A,775.84,13
2025-07-02,C119,APAC,Product B,635.73,5
2025-01-19,C251,EMEA,Product B,3299.13,8
2025-02-15,C85,EMEA,Product B,3756.24,8
2025-01-03,C333,EMEA,Product A,2076.06,12
2025-06-24,C59,APAC,Product C,4660.93,11
2025-08-27,C334,APAC,Product C,1263.04,17
2025-04-19,C335,EMEA,Product A,4613.7,16
2025-02-13,C217,EMEA,Product B,774.11,15
2025-09-17,C95,APAC,Product B,2545.82,12
2025-08-19,C334,EMEA,Product C,1949.36,1
2025-03-28,C126,EMEA,Product A,1211.57,4
2025-03-25,C285,EMEA,Product C,4423.4,8
2025-05-20,C311,EMEA,Product B,2426.56,8
2025-09-27,C217,Americas,Product B,2673.02,12
2025-08-29,C293,Americas,Product A,671.91,16
2025-06-15,C134,Americas,Product B,3171.25,11
2025-05-21,C294,APAC,Product B,982.86,18
2025-09-11,C225,Americas,Product A,3589.64,2
2025-08-24,C22,EMEA,Product A,4386.1,8
2025-06-22,C13,Americas,Product B,4214.2,1
2025-09-20,C170,Americas,Product A,1952.08,5
2025-06-27,C223,APAC,Product B,1690.69,9
2025-04-17,C113,APAC,Product A,3988.22,9
2025-09-04,C68,APAC,Product B,480.23,15
2025-01-20,C392,APAC,Product B,3593.18,13
2025-07-20,C256,EMEA,Product B,2990.42,12
2025-03-19,C385,Americas,Product B,2806.62,19
2025-03-05,C319,APAC,Product C,3312.24,12
2025-04-19,C79,Americas,Product A,3032.66,12
2025-03-02,C17,EMEA,Product C,3335.16,16
2025-01-20,C102,APAC,Product A,3107.91,14
2025-05-25,C187,APAC,Product A,4615.06,6
2025-04-20,C51,APAC,Product B,1726.51,4
2025-03-25,C196,APAC,Product C,2218.81,6
2025-03-03,C26,Americas,Product A,686.75,19
2025-09-22,C246,APAC,Product B,2242.81,17
2025-05-30,C264,Americas,Product B,4930.9,18
2025-07-13,C26,EMEA,Product A,635.09,4
2025-01-26,C363,EMEA,Product B,1884.76,18
2025-02-23,C245,APAC,Product C,1816.74,18
2025-03-03,C53,APAC,Product C,4651.25,16
2025-01-16,C141,APAC,Product B,1640.29,12
2025-09-22,C165,Americas,Product A,3882.56,11
2025-06-01,C353,Americas,Product C,703.02,13
2025-04-06,C314,Americas,Product C,3897.23,13
2025-04-28,C128,Americas,Product C,3254.71,18
2025-06-01,C188,Americas,Product A,4424.48,4
2025-06-11,C298,EMEA,Product C,1959.41,6
2025-01-02,C69,Americas,Product A,4150.54,13
2025-09-04,C112,Americas,Product C,1575.07,1
2025-03-03,C108,EMEA,Product C,4719.94,15
2025-09-15,C160,EMEA,Product B,3458.5,1
2025-06-15,C346,Americas,Product B,3132.47,17
2025-01-17,C138,EMEA,Product C,3556.61,14
2025-04-07,C285,Americas,Product C,1953.05,18
2025-03-01,C370,EMEA,Product B,4827.38,6
2025-04-05,C322,EMEA,Product A,2341.38,7
2025-08-24,C331,EMEA,Product A,3383.84,10
2025-02-16,C162,EMEA,Product A,1580.31,9
2025-07-25,C379,EMEA,Product C,4192.08,11
2025-03-06,C24,APAC,Product C,2472.98,11
2025-09-30,C399,APAC,Product C,2957.22,19
2025-05-16,C361,APAC,Product C,2431.95,17
2025-02-03,C333,EMEA,Product C,1520.99,1
2025-03-30,C284,Americas,Product C,4702.36,6
2025-06-04,C323,Americas,Product B,4819.63,14
2025-03-15,C112,Americas,Product C,1067.25,14
2025-05-11,C382,EMEA,Product B,2755.04,19
2025-08-15,C397,EMEA,Product A,2996.9,3
2025-04-22,C168,APAC,Product C,4598.58,13
2025-07-09,C182,EMEA,Product A,1811.23,11
2025-05-27,C396,EMEA,Product C,4506.36,9
2025-09-16,C107,APAC,Product C,2543.43,8
2025-05-14,C240,EMEA,Product C,3604.84,18
2025-01-13,C146,Americas,Product C,3667.71,14
2025-02-06,C316,APAC,Product A,4246.74,15
2025-05-04,C212,APAC,Product B,1972.5,6
2025-03-24,C221,Americas,Product B,1646.61,15
2025-09-16,C11,APAC,Product A,701.38,16
2025-05-13,C72,Americas,Product B,1801.3,5
2025-01-16,C132,EMEA,Product A,4147.32,4
2025-02-17,C336,EMEA,Product C,4985.03,4
2025-02-07,C10,Americas,Product B,896.57,9
2025-02-05,C114,EMEA,Product B,3319.19,13
2025-06-23,C335,EMEA,Product A,3042.83,5
2025-08-18,C159,EMEA,Product A,1693.05,8
2025-09-05,C278,Americas,Product B,2720.89,17
2025-09-20,C395,EMEA,Product A,2074.38,1
2025-06-29,C337,EMEA,Product C,4122.58,8
2025-01-27,C322,APAC,Product C,4481.04,5
2025-03-23,C70,EMEA,Product B,4740.35,19
2025-09-20,C111,APAC,Product B,2486.12,15
2025-04-22,C185,Americas,Product C,3724.14,5
2025-08-09,C70,EMEA,Product A,3156.04,14
2025-05-12,C131,EMEA,Product C,4295.43,16
2025-06-20,C246,EMEA,Product A,1960.98,16
2025-02-20,C55,APAC,Product B,1527.84,1
2025-06-05,C364,Americas,Product A,4259.69,8
2025-09-07,C25,EMEA,Product C,1010.63,6
2025-06-01,C66,APAC,Product C,4112.06,14
2025-02-22,C367,Americas,Product C,1362.98,8
2025-07-23,C110,APAC,Product B,1823.14,18
2025-08-25,C137,APAC,Product A,1302.18,7
2025-07-18,C67,EMEA,Product C,4606.18,13
2025-05-18,C101,APAC,Product A,4771.01,7
2025-09-06,C88,Americas,Product B,2572.55,16
2025-07-30,C191,EMEA,Product C,4286.82,17
2025-05-18,C356,APAC,Product B,1545.23,6
2025-01-20,C48,Americas,Product B,1873.97,13
2025-01-03,C301,Americas,Product B,2874.31,7
2025-05-13,C305,APAC,Product B,3123.49,13
2025-01-25,C314,Americas,Product C,3306.33,2
2025-07-29,C54,Americas,Product C,3655.14,17
2025-09-09,C191,APAC,Product B,1341.69,14
2025-01-13,C242,APAC,Product A,3031.85,14
2025-06-29,C91,Americas,Product B,1158.68,10
2025-01-31,C234,Americas,Product A,4955.79,4
2025-05-12,C115,EMEA,Product A,4795.87,13
2025-01-04,C22,APAC,Product A,2120.64,5
2025-03-13,C230,APAC,Product A,1431.44,11
2025-07-27,C265,EMEA,Product C,4461.13,18
2025-06-24,C304,EMEA,Product B,535.03,3
2025-08-26,C276,APAC,Product A,2134.96,15
2025-03-10,C295,APAC,Product C,3073.32,6
2025-04-17,C251,Americas,Product A,3270.25,18
2025-02-23,C294,EMEA,Product A,2200.86,15
2025-01-07,C357,APAC,Product A,1796.95,12
2025-06-20,C209,EMEA,Product C,1871.25,17
2025-03-25,C116,EMEA,Product B,2882.46,10
2025-09-26,C53,EMEA,Product C,4245.07,13
2025-07-23,C57,Americas,Product B,4949.94,2
2025-02-27,C75,Americas,Product A,1523.21,16
2025-03-16,C304,EMEA,Product C,3211.37,3
2025-08-09,C172,APAC,Product C,2065.86,18
2025-07-07,C106,APAC,Product C,2373.76,12
2025-01-19,C286,APAC,Product C,2020.76,2
2025-01-05,C106,Americas,Product B,1738.07,5
2025-03-20,C149,Americas,Product A,3608.15,12
2025-06-17,C11,EMEA,Product C,2309.7,2
2025-03-06,C146,APAC,Product B,2017.57,15
2025-07-28,C85,APAC,Product C,1495.05,16
2025-05-14,C18,APAC,Product C,1102.74,4
2025-02-09,C368,EMEA,Product B,1075.32,18
2025-08-25,C318,APAC,Product B,1643.94,10
2025-04-17,C280,EMEA,Product A,2839.99,2
2025-03-02,C51,EMEA,Product C,4162.23,7
2025-01-08,C107,EMEA,Product A,4565.33,1
2025-03-03,C39,APAC,Product B,3750.4,15
2025-04-25,C163,EMEA,Product A,2241.8,19
2025-06-25,C275,Americas,Product C,4975.37,5
2025-03-07,C259,EMEA,Product C,1740.01,6
2025-07-24,C344,EMEA,Product B,4062.63,17
2025-07-21,C149,APAC,Product C,2193.74,3
2025-01-29,C353,EMEA,Product A,2893.8,8
2025-03-17,C280,APAC,Product B,3645.98,15
2025-08-22,C322,Americas,Product C,3387.54,6
2025-01-21,C216,EMEA,Product C,2116.23,17
2025-07-25,C93,APAC,Product C,3105.12,19
2025-03-24,C228,EMEA,Product B,2409.11,2
2025-06-24,C50,EMEA,Product C,2783.27,13
2025-05-12,C224,APAC,Product A,4830.58,14
2025-06-24,C35,EMEA,Product B,1736.56,14
2025-07-14,C3,EMEA,Product B,3952.31,19
2025-02-09,C360,EMEA,Product C,2893.95,15
2025-04-26,C142,Americas,Product C,4602.28,16
2025-02-15,C61,Americas,Product B,2085.95,14
2025-01-18,C104,APAC,Product A,1659.9,13
2025-06-27,C327,EMEA,Product A,3802.53,4
2025-01-14,C261,APAC,Product B,3713.39,8
2025-04-20,C144,APAC,Product A,3088.76,4
2025-09-25,C229,APAC,Product C,2613.44,6
2025-01-18,C255,Americas,Product C,582.6,3
2025-05-06,C172,Americas,Product B,648.4,16
2025-07-10,C383,EMEA,Product B,3516.44,13
2025-07-18,C227,Americas,Product B,979.17,12
2025-07-15,C257,Americas,Product C,1592.22,17
2025-09-29,C375,EMEA,Product A,4663.69,9
2025-05-20,C267,EMEA,Product C,4480.57,8
2025-07-02,C355,APAC,Product A,4937.13,8
2025-04-23,C120,APAC,Product A,1333.43,19
2025-07-29,C379,EMEA,Product C,656.96,4
2025-07-28,C109,Americas,Product A,3630.38,18
2025-04-15,C257,APAC,Product C,648.73,17
2025-05-17,C265,Americas,Product B,671.53,6
2025-01-01,C164,Americas,Product A,2366.31,1
2025-07-20,C196,APAC,Product B,2124.69,10
2025-05-15,C142,EMEA,Product B,2901.15,18
2025-03-13,C71,APAC,Product B,4450.12,12
2025-06-02,C96,EMEA,Product B,2088.52,10
2025-09-03,C18,APAC,Product C,4909.94,12
2025-01-16,C103,EMEA,Product B,2342.05,1
2025-01-05,C269,Americas,Product A,725.1,1
2025-03-27,C174,APAC,Product C,4042.63,10
2025-03-04,C361,APAC,Product A,4168.43,19
2025-07-04,C154,EMEA,Product C,4567.91,12
2025-03-12,C398,Americas,Product C,2666.22,2
2025-05-07,C262,APAC,Product B,2301.45,7
2025-02-06,C296,EMEA,Product C,4598.59,11
2025-01-18,C194,Americas,Product B,1444.39,13
2025-08-03,C344,APAC,Product B,2402.12,2
2025-06-07,C214,EMEA,Product B,3032.01,5
2025-06-28,C63,EMEA,Product B,1755.35,16
2025-03-28,C284,APAC,Product B,4957.39,18
2025-03-21,C393,Americas,Product A,3729.92,9
2025-03-18,C307,Americas,Product A,2178.53,12
2025-09-02,C57,Americas,Product B,4835.68,16
2025-03-25,C166,EMEA,Product C,4586.85,8
2025-06-07,C108,EMEA,Product B,1687.82,17
2025-09-09,C205,APAC,Product B,1122.52,17
2025-06-17,C227,EMEA,Product A,2893.6,16
2025-06-05,C108,EMEA,Product A,4258.53,1
2025-06-10,C255,Americas,Product B,514.05,15
2025-08-06,C240,EMEA,Product A,872.31,13
2025-03-19,C280,Americas,Product A,858.82,13
2025-02-22,C386,APAC,Product B,2801.46,15
2025-04-04,C362,EMEA,Product C,2091.16,11
2025-07-21,C211,Americas,Product A,4062.72,13
2025-05-14,C117,Americas,Product B,2130.94,13
2025-04-24,C15,APAC,Product C,4242.19,7
2025-04-15,C245,EMEA,Product B,2684.05,19
2025-07-01,C163,Americas,Product C,3236.96,15
2025-02-16,C350,APAC,Product B,858.39,17
2025-02-11,C14,EMEA,Product B,1060.76,18
2025-07-08,C370,APAC,Product C,3841.97,5
2025-01-14,C329,Americas,Product C,4395.65,6
2025-03-24,C132,Americas,Product A,4487.33,17
2025-09-24,C245,EMEA,Product B,3020.94,14
2025-04-04,C8,EMEA,Product C,628.34,8
2025-09-08,C204,APAC,Product A,1755.88,17
2025-09-15,C83,Americas,Product A,4817.21,11
2025-03-10,C294,APAC,Product B,4400.44,17
2025-04-18,C328,APAC,Product B,3011.6,11
2025-07-06,C220,APAC,Product A,504.24,19
2025-01-04,C133,Americas,Product A,2570.93,5
2025-06-01,C240,APAC,Product B,2514.31,2
2025-05-26,C219,APAC,Product A,3238.41,15
2025-06-22,C20,EMEA,Product B,4448.19,2
2025-05-27,C14,Americas,Product B,3360.17,4
2025-08-31,C131,APAC,Product B,1493.82,15
2025-08-13,C24,Americas,Product A,2066.06,15
2025-04-05,C81,APAC,Product B,576.09,18
2025-07-27,C180,APAC,Product A,4903.6,1
2025-07-10,C337,EMEA,Product A,1861.66,18
2025-04-26,C190,EMEA,Product A,2335.97,15
2025-01-23,C46,EMEA,Product C,3349.9,17
2025-05-27,C78,APAC,Product C,2714.52,2
2025-08-29,C277,APAC,Product B,2773.0,8
2025-01-27,C363,Americas,Product C,3395.86,15
2025-01-13,C230,APAC,Product B,4310.52,9
2025-01-28,C375,EMEA,Product B,1545.51,4
2025-02-10,C84,APAC,Product A,1036.53,14
2025-06-08,C136,EMEA,Product B,1795.9,5
2025-06-21,C178,EMEA,Product B,4523.48,4
2025-01-18,C52,APAC,Product A,1760.97,8
2025-01-28,C201,EMEA,Product B,1543.06,3
2025-05-20,C383,EMEA,Product B,4619.65,17
